-- MySQL dump 10.13  Distrib 8.0.46, for Win64 (x86_64)
--
-- Host: 127.0.0.1    Database: IIS_DB
-- ------------------------------------------------------
-- Server version	8.0.46

/*!40101 SET @OLD_CHARACTER_SET_CLIENT=@@CHARACTER_SET_CLIENT */;
/*!40101 SET @OLD_CHARACTER_SET_RESULTS=@@CHARACTER_SET_RESULTS */;
/*!40101 SET @OLD_COLLATION_CONNECTION=@@COLLATION_CONNECTION */;
/*!50503 SET NAMES utf8mb4 */;
/*!40103 SET @OLD_TIME_ZONE=@@TIME_ZONE */;
/*!40103 SET TIME_ZONE='+00:00' */;
/*!40014 SET @OLD_UNIQUE_CHECKS=@@UNIQUE_CHECKS, UNIQUE_CHECKS=0 */;
/*!40014 SET @OLD_FOREIGN_KEY_CHECKS=@@FOREIGN_KEY_CHECKS, FOREIGN_KEY_CHECKS=0 */;
/*!40101 SET @OLD_SQL_MODE=@@SQL_MODE, SQL_MODE='NO_AUTO_VALUE_ON_ZERO' */;
/*!40111 SET @OLD_SQL_NOTES=@@SQL_NOTES, SQL_NOTES=0 */;

--
-- Table structure for table `access_requests`
--

DROP TABLE IF EXISTS `access_requests`;
/*!40101 SET @saved_cs_client     = @@character_set_client */;
/*!50503 SET character_set_client = utf8mb4 */;
CREATE TABLE `access_requests` (
  `id` int NOT NULL AUTO_INCREMENT,
  `company_name` varchar(150) NOT NULL,
  `industry` varchar(100) NOT NULL,
  `company_size` varchar(50) NOT NULL,
  `company_number` varchar(50) DEFAULT NULL,
  `contact_person` varchar(150) NOT NULL,
  `position_title` varchar(100) DEFAULT NULL,
  `contact_number` varchar(50) DEFAULT NULL,
  `work_email` varchar(150) NOT NULL,
  `password_hash` varchar(255) NOT NULL,
  `email_verified_at` timestamp NULL DEFAULT NULL,
  `verification_token_hash` varchar(64) DEFAULT NULL,
  `verification_token_expiry` timestamp NULL DEFAULT NULL,
  `notes` text,
  `status` enum('email_unverified','pending','approved','rejected') NOT NULL DEFAULT 'email_unverified',
  `reviewed_by` int DEFAULT NULL,
  `reviewed_at` timestamp NULL DEFAULT NULL,
  `rejection_reason` varchar(255) DEFAULT NULL,
  `created_at` timestamp NULL DEFAULT CURRENT_TIMESTAMP,
  PRIMARY KEY (`id`),
  UNIQUE KEY `work_email` (`work_email`)
) ENGINE=InnoDB AUTO_INCREMENT=7 DEFAULT CHARSET=utf8mb4 COLLATE=utf8mb4_0900_ai_ci;
/*!40101 SET character_set_client = @saved_cs_client */;

--
-- Table structure for table `assessment_answers`
--

DROP TABLE IF EXISTS `assessment_answers`;
/*!40101 SET @saved_cs_client     = @@character_set_client */;
/*!50503 SET character_set_client = utf8mb4 */;
CREATE TABLE `assessment_answers` (
  `id` int NOT NULL AUTO_INCREMENT,
  `assessment_id` int NOT NULL,
  `question_id` int NOT NULL,
  `selected_choice_id` int NOT NULL,
  `score_value` decimal(5,2) NOT NULL,
  `saved_at` timestamp NULL DEFAULT CURRENT_TIMESTAMP,
  PRIMARY KEY (`id`),
  UNIQUE KEY `uq_assessment_question` (`assessment_id`,`question_id`),
  KEY `fk_answer_question` (`question_id`),
  KEY `fk_answer_choice` (`selected_choice_id`),
  CONSTRAINT `fk_answer_assessment` FOREIGN KEY (`assessment_id`) REFERENCES `assessments` (`id`) ON DELETE CASCADE ON UPDATE CASCADE,
  CONSTRAINT `fk_answer_choice` FOREIGN KEY (`selected_choice_id`) REFERENCES `question_choices` (`id`) ON DELETE CASCADE ON UPDATE CASCADE,
  CONSTRAINT `fk_answer_question` FOREIGN KEY (`question_id`) REFERENCES `question_bank` (`id`) ON DELETE CASCADE ON UPDATE CASCADE
) ENGINE=InnoDB AUTO_INCREMENT=301 DEFAULT CHARSET=utf8mb4 COLLATE=utf8mb4_0900_ai_ci;
/*!40101 SET character_set_client = @saved_cs_client */;

--
-- Table structure for table `assessment_dimensions`
--

DROP TABLE IF EXISTS `assessment_dimensions`;
/*!40101 SET @saved_cs_client     = @@character_set_client */;
/*!50503 SET character_set_client = utf8mb4 */;
CREATE TABLE `assessment_dimensions` (
  `id` int NOT NULL AUTO_INCREMENT,
  `name` varchar(100) NOT NULL,
  `description` text,
  PRIMARY KEY (`id`),
  UNIQUE KEY `name` (`name`)
) ENGINE=InnoDB AUTO_INCREMENT=12 DEFAULT CHARSET=utf8mb4 COLLATE=utf8mb4_0900_ai_ci;
/*!40101 SET character_set_client = @saved_cs_client */;

--
-- Table structure for table `assessments`
--

DROP TABLE IF EXISTS `assessments`;
/*!40101 SET @saved_cs_client     = @@character_set_client */;
/*!50503 SET character_set_client = utf8mb4 */;
CREATE TABLE `assessments` (
  `id` int NOT NULL AUTO_INCREMENT,
  `organization_id` int NOT NULL,
  `assessment_type` enum('baseline','reassessment') NOT NULL DEFAULT 'baseline',
  `status` enum('draft','submitted','completed') NOT NULL DEFAULT 'draft',
  `cycle_number` int NOT NULL DEFAULT '1',
  `overall_score` decimal(5,2) DEFAULT NULL,
  `maturity_level` enum('Emerging','Developing','Advancing','Leading','Exemplar') DEFAULT NULL,
  `started_at` timestamp NULL DEFAULT CURRENT_TIMESTAMP,
  `submitted_at` timestamp NULL DEFAULT NULL,
  `due_date` date DEFAULT NULL,
  PRIMARY KEY (`id`),
  KEY `fk_assessment_organization` (`organization_id`),
  CONSTRAINT `fk_assessment_organization` FOREIGN KEY (`organization_id`) REFERENCES `organizations` (`id`) ON DELETE CASCADE ON UPDATE CASCADE
) ENGINE=InnoDB AUTO_INCREMENT=8 DEFAULT CHARSET=utf8mb4 COLLATE=utf8mb4_0900_ai_ci;
/*!40101 SET character_set_client = @saved_cs_client */;

--
-- Table structure for table `benchmark_snapshots`
--

DROP TABLE IF EXISTS `benchmark_snapshots`;
/*!40101 SET @saved_cs_client     = @@character_set_client */;
/*!50503 SET character_set_client = utf8mb4 */;
CREATE TABLE `benchmark_snapshots` (
  `id` int NOT NULL AUTO_INCREMENT,
  `assessment_id` int NOT NULL,
  `network_average_score` decimal(5,2) DEFAULT NULL,
  `top_performer_score` decimal(5,2) DEFAULT NULL,
  `organization_rank` int DEFAULT NULL,
  `eligible_org_count` int DEFAULT NULL,
  `created_at` timestamp NULL DEFAULT CURRENT_TIMESTAMP,
  PRIMARY KEY (`id`),
  KEY `fk_benchmark_assessment` (`assessment_id`),
  CONSTRAINT `fk_benchmark_assessment` FOREIGN KEY (`assessment_id`) REFERENCES `assessments` (`id`) ON DELETE CASCADE ON UPDATE CASCADE
) ENGINE=InnoDB DEFAULT CHARSET=utf8mb4 COLLATE=utf8mb4_0900_ai_ci;
/*!40101 SET character_set_client = @saved_cs_client */;

--
-- Table structure for table `contact_inquiries`
--

DROP TABLE IF EXISTS `contact_inquiries`;
/*!40101 SET @saved_cs_client     = @@character_set_client */;
/*!50503 SET character_set_client = utf8mb4 */;
CREATE TABLE `contact_inquiries` (
  `id` int NOT NULL AUTO_INCREMENT,
  `source` enum('public','organization') NOT NULL,
  `user_id` int DEFAULT NULL,
  `organization_id` int DEFAULT NULL,
  `contact_name` varchar(150) NOT NULL,
  `contact_email` varchar(150) NOT NULL,
  `inquiry_type` varchar(50) NOT NULL,
  `subject` varchar(200) NOT NULL,
  `message` text NOT NULL,
  `status` enum('new','in_progress','resolved') NOT NULL DEFAULT 'new',
  `category` varchar(50) DEFAULT NULL,
  `admin_notes` text,
  `resolution_message` text,
  `resolved_at` timestamp NULL DEFAULT NULL,
  `resolved_by` int DEFAULT NULL,
  `last_response_at` timestamp NULL DEFAULT NULL,
  `email_status` enum('pending','sent','failed') NOT NULL DEFAULT 'pending',
  `email_error` text,
  `created_at` timestamp NULL DEFAULT CURRENT_TIMESTAMP,
  `updated_at` timestamp NULL DEFAULT CURRENT_TIMESTAMP ON UPDATE CURRENT_TIMESTAMP,
  PRIMARY KEY (`id`),
  KEY `idx_contact_inquiries_source` (`source`),
  KEY `idx_contact_inquiries_status` (`status`),
  KEY `idx_contact_inquiries_category` (`category`),
  KEY `idx_contact_inquiries_user` (`user_id`),
  KEY `idx_contact_inquiries_organization` (`organization_id`),
  KEY `fk_contact_inquiries_resolved_by` (`resolved_by`),
  CONSTRAINT `fk_contact_inquiries_organization` FOREIGN KEY (`organization_id`) REFERENCES `organizations` (`id`) ON DELETE SET NULL ON UPDATE CASCADE,
  CONSTRAINT `fk_contact_inquiries_resolved_by` FOREIGN KEY (`resolved_by`) REFERENCES `users` (`id`) ON DELETE SET NULL ON UPDATE CASCADE,
  CONSTRAINT `fk_contact_inquiries_user` FOREIGN KEY (`user_id`) REFERENCES `users` (`id`) ON DELETE SET NULL ON UPDATE CASCADE
) ENGINE=InnoDB DEFAULT CHARSET=utf8mb4 COLLATE=utf8mb4_0900_ai_ci;
/*!40101 SET character_set_client = @saved_cs_client */;

--
-- Table structure for table `dimension_scores`
--

DROP TABLE IF EXISTS `dimension_scores`;
/*!40101 SET @saved_cs_client     = @@character_set_client */;
/*!50503 SET character_set_client = utf8mb4 */;
CREATE TABLE `dimension_scores` (
  `id` int NOT NULL AUTO_INCREMENT,
  `assessment_id` int NOT NULL,
  `dimension_id` int NOT NULL,
  `score` decimal(5,2) NOT NULL,
  `severity_flag` enum('none','moderate','critical') NOT NULL DEFAULT 'none',
  `raw_score` int DEFAULT NULL,
  PRIMARY KEY (`id`),
  UNIQUE KEY `uq_assessment_dimension` (`assessment_id`,`dimension_id`),
  KEY `fk_dimension_score_dimension` (`dimension_id`),
  CONSTRAINT `fk_dimension_score_assessment` FOREIGN KEY (`assessment_id`) REFERENCES `assessments` (`id`) ON DELETE CASCADE ON UPDATE CASCADE,
  CONSTRAINT `fk_dimension_score_dimension` FOREIGN KEY (`dimension_id`) REFERENCES `assessment_dimensions` (`id`) ON DELETE CASCADE ON UPDATE CASCADE
) ENGINE=InnoDB AUTO_INCREMENT=47 DEFAULT CHARSET=utf8mb4 COLLATE=utf8mb4_0900_ai_ci;
/*!40101 SET character_set_client = @saved_cs_client */;

--
-- Table structure for table `email_notifications`
--

DROP TABLE IF EXISTS `email_notifications`;
/*!40101 SET @saved_cs_client     = @@character_set_client */;
/*!50503 SET character_set_client = utf8mb4 */;
CREATE TABLE `email_notifications` (
  `id` int NOT NULL AUTO_INCREMENT,
  `user_id` int DEFAULT NULL,
  `organization_id` int DEFAULT NULL,
  `assessment_id` int DEFAULT NULL,
  `notification_type` enum('email_verification','registration_invitation','account_approval','account_rejection','password_reset','assessment_reminder','report_ready','support_response') NOT NULL,
  `recipient_email` varchar(150) NOT NULL,
  `subject` varchar(255) NOT NULL,
  `message_body` text,
  `send_status` enum('pending','sent','failed') NOT NULL DEFAULT 'pending',
  `sent_at` timestamp NULL DEFAULT NULL,
  `error_message` text,
  `triggered_by` int DEFAULT NULL,
  `created_at` timestamp NULL DEFAULT CURRENT_TIMESTAMP,
  PRIMARY KEY (`id`),
  KEY `fk_email_user` (`user_id`),
  KEY `fk_email_org` (`organization_id`),
  KEY `fk_email_assessment` (`assessment_id`),
  KEY `fk_email_triggered_by` (`triggered_by`),
  CONSTRAINT `fk_email_assessment` FOREIGN KEY (`assessment_id`) REFERENCES `assessments` (`id`) ON DELETE SET NULL ON UPDATE CASCADE,
  CONSTRAINT `fk_email_org` FOREIGN KEY (`organization_id`) REFERENCES `organizations` (`id`) ON DELETE SET NULL ON UPDATE CASCADE,
  CONSTRAINT `fk_email_triggered_by` FOREIGN KEY (`triggered_by`) REFERENCES `users` (`id`) ON DELETE SET NULL ON UPDATE CASCADE,
  CONSTRAINT `fk_email_user` FOREIGN KEY (`user_id`) REFERENCES `users` (`id`) ON DELETE SET NULL ON UPDATE CASCADE
) ENGINE=InnoDB AUTO_INCREMENT=14 DEFAULT CHARSET=utf8mb4 COLLATE=utf8mb4_0900_ai_ci;
/*!40101 SET character_set_client = @saved_cs_client */;

--
-- Table structure for table `fellow_journey_tracking`
--

DROP TABLE IF EXISTS `fellow_journey_tracking`;
/*!40101 SET @saved_cs_client     = @@character_set_client */;
/*!50503 SET character_set_client = utf8mb4 */;
CREATE TABLE `fellow_journey_tracking` (
  `id` int NOT NULL AUTO_INCREMENT,
  `fellow_id` int NOT NULL,
  `organization_id` int NOT NULL,
  `assessment_id` int DEFAULT NULL,
  `status` enum('on_track','at_risk','offboarded') NOT NULL,
  `notes` text,
  `tracked_at` timestamp NULL DEFAULT CURRENT_TIMESTAMP,
  PRIMARY KEY (`id`),
  KEY `fk_fjt_fellow` (`fellow_id`),
  KEY `fk_fjt_org` (`organization_id`),
  KEY `fk_fjt_assessment` (`assessment_id`),
  CONSTRAINT `fk_fjt_assessment` FOREIGN KEY (`assessment_id`) REFERENCES `assessments` (`id`) ON DELETE SET NULL ON UPDATE CASCADE,
  CONSTRAINT `fk_fjt_fellow` FOREIGN KEY (`fellow_id`) REFERENCES `fellows` (`id`) ON DELETE CASCADE ON UPDATE CASCADE,
  CONSTRAINT `fk_fjt_org` FOREIGN KEY (`organization_id`) REFERENCES `organizations` (`id`) ON DELETE CASCADE ON UPDATE CASCADE
) ENGINE=InnoDB DEFAULT CHARSET=utf8mb4 COLLATE=utf8mb4_0900_ai_ci;
/*!40101 SET character_set_client = @saved_cs_client */;

--
-- Table structure for table `fellows`
--

DROP TABLE IF EXISTS `fellows`;
/*!40101 SET @saved_cs_client     = @@character_set_client */;
/*!50503 SET character_set_client = utf8mb4 */;
CREATE TABLE `fellows` (
  `id` int NOT NULL AUTO_INCREMENT,
  `organization_id` int NOT NULL,
  `full_name` varchar(150) NOT NULL,
  `status` enum('On Track','At Risk') NOT NULL DEFAULT 'On Track',
  `remarks` text,
  `updated_at` timestamp NULL DEFAULT CURRENT_TIMESTAMP ON UPDATE CURRENT_TIMESTAMP,
  PRIMARY KEY (`id`),
  KEY `fk_fellow_organization` (`organization_id`),
  CONSTRAINT `fk_fellow_organization` FOREIGN KEY (`organization_id`) REFERENCES `organizations` (`id`) ON DELETE CASCADE ON UPDATE CASCADE
) ENGINE=InnoDB DEFAULT CHARSET=utf8mb4 COLLATE=utf8mb4_0900_ai_ci;
/*!40101 SET character_set_client = @saved_cs_client */;

--
-- Table structure for table `gap_flags`
--

DROP TABLE IF EXISTS `gap_flags`;
/*!40101 SET @saved_cs_client     = @@character_set_client */;
/*!50503 SET character_set_client = utf8mb4 */;
CREATE TABLE `gap_flags` (
  `id` int NOT NULL AUTO_INCREMENT,
  `assessment_id` int NOT NULL,
  `dimension_id` int NOT NULL,
  `question_id` int DEFAULT NULL,
  `selected_choice_id` int DEFAULT NULL,
  `score_value` decimal(5,2) DEFAULT NULL,
  `severity` enum('low','moderate','critical') NOT NULL,
  `description` text,
  `gap_definition` text,
  `recommendation_text` text,
  `created_at` timestamp NULL DEFAULT CURRENT_TIMESTAMP,
  PRIMARY KEY (`id`),
  KEY `fk_gap_assessment` (`assessment_id`),
  KEY `fk_gap_dimension` (`dimension_id`),
  KEY `fk_gap_question` (`question_id`),
  KEY `idx_gap_selected_choice` (`selected_choice_id`),
  CONSTRAINT `fk_gap_assessment` FOREIGN KEY (`assessment_id`) REFERENCES `assessments` (`id`) ON DELETE CASCADE ON UPDATE CASCADE,
  CONSTRAINT `fk_gap_dimension` FOREIGN KEY (`dimension_id`) REFERENCES `assessment_dimensions` (`id`) ON DELETE CASCADE ON UPDATE CASCADE,
  CONSTRAINT `fk_gap_question` FOREIGN KEY (`question_id`) REFERENCES `question_bank` (`id`) ON DELETE SET NULL ON UPDATE CASCADE,
  CONSTRAINT `fk_gap_selected_choice` FOREIGN KEY (`selected_choice_id`) REFERENCES `question_choices` (`id`) ON DELETE SET NULL ON UPDATE CASCADE
) ENGINE=InnoDB AUTO_INCREMENT=250 DEFAULT CHARSET=utf8mb4 COLLATE=utf8mb4_0900_ai_ci;
/*!40101 SET character_set_client = @saved_cs_client */;

--
-- Table structure for table `organizations`
--

DROP TABLE IF EXISTS `organizations`;
/*!40101 SET @saved_cs_client     = @@character_set_client */;
/*!50503 SET character_set_client = utf8mb4 */;
CREATE TABLE `organizations` (
  `id` int NOT NULL AUTO_INCREMENT,
  `company_name` varchar(150) NOT NULL,
  `industry` varchar(100) NOT NULL,
  `company_size` varchar(50) NOT NULL,
  `status` enum('pending','approved','suspended','rejected') NOT NULL DEFAULT 'pending',
  `approved_at` timestamp NULL DEFAULT NULL,
  `approved_by` int DEFAULT NULL,
  `created_at` timestamp NULL DEFAULT CURRENT_TIMESTAMP,
  `company_number` varchar(50) DEFAULT NULL,
  PRIMARY KEY (`id`)
) ENGINE=InnoDB AUTO_INCREMENT=13 DEFAULT CHARSET=utf8mb4 COLLATE=utf8mb4_0900_ai_ci;
/*!40101 SET character_set_client = @saved_cs_client */;

--
-- Table structure for table `question_bank`
--

DROP TABLE IF EXISTS `question_bank`;
/*!40101 SET @saved_cs_client     = @@character_set_client */;
/*!50503 SET character_set_client = utf8mb4 */;
CREATE TABLE `question_bank` (
  `id` int NOT NULL AUTO_INCREMENT,
  `dimension_id` int NOT NULL,
  `question_text` text NOT NULL,
  `is_active` tinyint(1) NOT NULL DEFAULT '1',
  `version` int NOT NULL DEFAULT '1',
  `created_by` int DEFAULT NULL,
  `created_at` timestamp NULL DEFAULT CURRENT_TIMESTAMP,
  `updated_at` timestamp NULL DEFAULT CURRENT_TIMESTAMP ON UPDATE CURRENT_TIMESTAMP,
  `version_group_id` int DEFAULT NULL,
  PRIMARY KEY (`id`),
  KEY `fk_question_dimension` (`dimension_id`),
  KEY `fk_question_created_by` (`created_by`),
  CONSTRAINT `fk_question_created_by` FOREIGN KEY (`created_by`) REFERENCES `users` (`id`) ON DELETE SET NULL ON UPDATE CASCADE,
  CONSTRAINT `fk_question_dimension` FOREIGN KEY (`dimension_id`) REFERENCES `assessment_dimensions` (`id`) ON DELETE CASCADE ON UPDATE CASCADE
) ENGINE=InnoDB AUTO_INCREMENT=104 DEFAULT CHARSET=utf8mb4 COLLATE=utf8mb4_0900_ai_ci;
/*!40101 SET character_set_client = @saved_cs_client */;

--
-- Table structure for table `question_choice_recommendations`
--

DROP TABLE IF EXISTS `question_choice_recommendations`;
/*!40101 SET @saved_cs_client     = @@character_set_client */;
/*!50503 SET character_set_client = utf8mb4 */;
CREATE TABLE `question_choice_recommendations` (
  `id` int NOT NULL AUTO_INCREMENT,
  `choice_id` int NOT NULL,
  `severity` enum('none','low','moderate','critical') NOT NULL DEFAULT 'none',
  `gap_definition` text,
  `recommendation_text` text NOT NULL,
  `created_at` timestamp NULL DEFAULT CURRENT_TIMESTAMP,
  `updated_at` timestamp NULL DEFAULT CURRENT_TIMESTAMP ON UPDATE CURRENT_TIMESTAMP,
  PRIMARY KEY (`id`),
  KEY `idx_choice_recommendation_choice` (`choice_id`),
  KEY `idx_choice_recommendation_severity` (`severity`),
  CONSTRAINT `fk_choice_recommendation_choice` FOREIGN KEY (`choice_id`) REFERENCES `question_choices` (`id`) ON DELETE CASCADE ON UPDATE CASCADE
) ENGINE=InnoDB AUTO_INCREMENT=662 DEFAULT CHARSET=utf8mb4 COLLATE=utf8mb4_0900_ai_ci;
/*!40101 SET character_set_client = @saved_cs_client */;

--
-- Table structure for table `question_choices`
--

DROP TABLE IF EXISTS `question_choices`;
/*!40101 SET @saved_cs_client     = @@character_set_client */;
/*!50503 SET character_set_client = utf8mb4 */;
CREATE TABLE `question_choices` (
  `id` int NOT NULL AUTO_INCREMENT,
  `question_id` int NOT NULL,
  `choice_letter` enum('A','B','C','D') NOT NULL,
  `choice_text` varchar(255) NOT NULL,
  `choice_score` decimal(5,2) NOT NULL,
  PRIMARY KEY (`id`),
  UNIQUE KEY `uq_question_choice` (`question_id`,`choice_letter`),
  CONSTRAINT `fk_choice_question` FOREIGN KEY (`question_id`) REFERENCES `question_bank` (`id`) ON DELETE CASCADE ON UPDATE CASCADE
) ENGINE=InnoDB AUTO_INCREMENT=569 DEFAULT CHARSET=utf8mb4 COLLATE=utf8mb4_0900_ai_ci;
/*!40101 SET character_set_client = @saved_cs_client */;

--
-- Table structure for table `reports`
--

DROP TABLE IF EXISTS `reports`;
/*!40101 SET @saved_cs_client     = @@character_set_client */;
/*!50503 SET character_set_client = utf8mb4 */;
CREATE TABLE `reports` (
  `id` int NOT NULL AUTO_INCREMENT,
  `assessment_id` int NOT NULL,
  `file_path` varchar(255) NOT NULL,
  `generated_by` int DEFAULT NULL,
  `generated_at` timestamp NULL DEFAULT CURRENT_TIMESTAMP,
  PRIMARY KEY (`id`),
  KEY `fk_report_assessment` (`assessment_id`),
  KEY `fk_report_generated_by` (`generated_by`),
  CONSTRAINT `fk_report_assessment` FOREIGN KEY (`assessment_id`) REFERENCES `assessments` (`id`) ON DELETE CASCADE ON UPDATE CASCADE,
  CONSTRAINT `fk_report_generated_by` FOREIGN KEY (`generated_by`) REFERENCES `users` (`id`) ON DELETE SET NULL ON UPDATE CASCADE
) ENGINE=InnoDB DEFAULT CHARSET=utf8mb4 COLLATE=utf8mb4_0900_ai_ci;
/*!40101 SET character_set_client = @saved_cs_client */;

--
-- Table structure for table `system_settings`
--

DROP TABLE IF EXISTS `system_settings`;
/*!40101 SET @saved_cs_client     = @@character_set_client */;
/*!50503 SET character_set_client = utf8mb4 */;
CREATE TABLE `system_settings` (
  `setting_key` varchar(100) NOT NULL,
  `setting_value` text,
  `updated_by` int DEFAULT NULL,
  `updated_at` timestamp NULL DEFAULT CURRENT_TIMESTAMP ON UPDATE CURRENT_TIMESTAMP,
  PRIMARY KEY (`setting_key`)
) ENGINE=InnoDB DEFAULT CHARSET=utf8mb4 COLLATE=utf8mb4_0900_ai_ci;
/*!40101 SET character_set_client = @saved_cs_client */;

--
-- Table structure for table `user_roles`
--

DROP TABLE IF EXISTS `user_roles`;
/*!40101 SET @saved_cs_client     = @@character_set_client */;
/*!50503 SET character_set_client = utf8mb4 */;
CREATE TABLE `user_roles` (
  `id` int NOT NULL AUTO_INCREMENT,
  `role_key` varchar(50) NOT NULL,
  `role_label` varchar(100) NOT NULL,
  `access_role` varchar(50) NOT NULL DEFAULT 'org_admin',
  `is_builtin` tinyint(1) NOT NULL DEFAULT '0',
  `is_active` tinyint(1) NOT NULL DEFAULT '1',
  `created_at` timestamp NULL DEFAULT CURRENT_TIMESTAMP,
  `updated_at` timestamp NULL DEFAULT CURRENT_TIMESTAMP ON UPDATE CURRENT_TIMESTAMP,
  PRIMARY KEY (`id`),
  UNIQUE KEY `uq_user_roles_key` (`role_key`)
) ENGINE=InnoDB AUTO_INCREMENT=223 DEFAULT CHARSET=utf8mb4 COLLATE=utf8mb4_0900_ai_ci;
/*!40101 SET character_set_client = @saved_cs_client */;

--
-- Table structure for table `users`
--

DROP TABLE IF EXISTS `users`;
/*!40101 SET @saved_cs_client     = @@character_set_client */;
/*!50503 SET character_set_client = utf8mb4 */;
CREATE TABLE `users` (
  `id` int NOT NULL AUTO_INCREMENT,
  `organization_id` int DEFAULT NULL,
  `contact_person` varchar(150) NOT NULL,
  `work_email` varchar(150) NOT NULL,
  `password_hash` varchar(255) DEFAULT NULL,
  `role` varchar(50) NOT NULL DEFAULT 'org_admin',
  `status` enum('pending','approved','inactive') NOT NULL DEFAULT 'pending',
  `created_at` timestamp NULL DEFAULT CURRENT_TIMESTAMP,
  `last_login` timestamp NULL DEFAULT NULL,
  `position_title` varchar(100) DEFAULT NULL,
  `contact_number` varchar(50) DEFAULT NULL,
  `reset_token` varchar(255) DEFAULT NULL,
  `reset_token_expiry` timestamp NULL DEFAULT NULL,
  PRIMARY KEY (`id`),
  UNIQUE KEY `email` (`work_email`),
  KEY `fk_users_organization` (`organization_id`),
  CONSTRAINT `fk_users_organization` FOREIGN KEY (`organization_id`) REFERENCES `organizations` (`id`) ON DELETE SET NULL ON UPDATE CASCADE
) ENGINE=InnoDB AUTO_INCREMENT=13 DEFAULT CHARSET=utf8mb4 COLLATE=utf8mb4_0900_ai_ci;
/*!40101 SET character_set_client = @saved_cs_client */;

--
-- Dumping routines for database 'IIS_DB'
--
/*!40103 SET TIME_ZONE=@OLD_TIME_ZONE */;

/*!40101 SET SQL_MODE=@OLD_SQL_MODE */;
/*!40014 SET FOREIGN_KEY_CHECKS=@OLD_FOREIGN_KEY_CHECKS */;
/*!40014 SET UNIQUE_CHECKS=@OLD_UNIQUE_CHECKS */;
/*!40101 SET CHARACTER_SET_CLIENT=@OLD_CHARACTER_SET_CLIENT */;
/*!40101 SET CHARACTER_SET_RESULTS=@OLD_CHARACTER_SET_RESULTS */;
/*!40101 SET COLLATION_CONNECTION=@OLD_COLLATION_CONNECTION */;
/*!40111 SET SQL_NOTES=@OLD_SQL_NOTES */;

-- Dump completed on 2026-06-10 15:10:52

-- MySQL dump 10.13  Distrib 8.0.46, for Win64 (x86_64)
--
-- Host: 127.0.0.1    Database: IIS_DB
-- ------------------------------------------------------
-- Server version	8.0.46

/*!40101 SET @OLD_CHARACTER_SET_CLIENT=@@CHARACTER_SET_CLIENT */;
/*!40101 SET @OLD_CHARACTER_SET_RESULTS=@@CHARACTER_SET_RESULTS */;
/*!40101 SET @OLD_COLLATION_CONNECTION=@@COLLATION_CONNECTION */;
/*!50503 SET NAMES utf8mb4 */;
/*!40103 SET @OLD_TIME_ZONE=@@TIME_ZONE */;
/*!40103 SET TIME_ZONE='+00:00' */;
/*!40014 SET @OLD_UNIQUE_CHECKS=@@UNIQUE_CHECKS, UNIQUE_CHECKS=0 */;
/*!40014 SET @OLD_FOREIGN_KEY_CHECKS=@@FOREIGN_KEY_CHECKS, FOREIGN_KEY_CHECKS=0 */;
/*!40101 SET @OLD_SQL_MODE=@@SQL_MODE, SQL_MODE='NO_AUTO_VALUE_ON_ZERO' */;
/*!40111 SET @OLD_SQL_NOTES=@@SQL_NOTES, SQL_NOTES=0 */;

--
-- Dumping data for table `assessment_dimensions`
--

LOCK TABLES `assessment_dimensions` WRITE;
/*!40000 ALTER TABLE `assessment_dimensions` DISABLE KEYS */;
INSERT INTO `assessment_dimensions` VALUES (1,'Hiring','Inclusive hiring practices'),(2,'Onboarding','Inclusive onboarding processes'),(3,'Accommodation','Workplace accommodation readiness'),(4,'Retention','Retention and support practices'),(5,'Culture','Inclusion culture and belonging');
/*!40000 ALTER TABLE `assessment_dimensions` ENABLE KEYS */;
UNLOCK TABLES;

--
-- Dumping data for table `question_bank`
--

LOCK TABLES `question_bank` WRITE;
/*!40000 ALTER TABLE `question_bank` DISABLE KEYS */;
INSERT INTO `question_bank` VALUES (1,1,'How are your job postings designed to attract candidates with disabilities?',1,1,NULL,'2026-04-20 08:04:32','2026-06-03 09:51:42',1),(2,1,'How accessible is your job application process to candidates with disabilities?',1,1,NULL,'2026-04-20 08:04:32','2026-06-03 09:52:18',2),(3,1,'What measures are in place to prevent disability bias during candidate screening',1,1,NULL,'2026-04-20 08:04:32','2026-06-03 09:52:26',3),(4,1,'How does your organization ensure interviews are accessible and bias-free for PWD candidates?',1,1,NULL,'2026-04-20 08:04:32','2026-06-03 09:52:44',4),(5,1,'How does your organization ensure job selection criteria that do not unfairly exclude PWD candidates?',1,1,NULL,'2026-04-20 08:04:32','2026-06-03 09:52:47',5),(6,1,'Does your organization set and track hiring targets for persons with disabilities?',1,1,NULL,'2026-04-20 08:04:32','2026-06-03 10:11:12',6),(7,1,'Does your organization source candidates with disabilities?',1,1,NULL,'2026-04-20 08:04:32','2026-06-03 09:52:58',7),(8,1,'How are pre-employment asssessments (tests, tasks, exercises) made accessible to PWD candidates?',1,1,NULL,'2026-04-20 08:04:32','2026-06-03 09:53:09',8),(9,1,'How does, your organization handle the offer stage to ensure it is inclusive for PWD candidates?',1,1,NULL,'2026-04-20 08:04:32','2026-06-03 09:53:13',9),(10,1,'How does your organization track and use hiring data related to disability inclusion?',1,1,NULL,'2026-04-20 08:04:32','2026-06-03 09:53:18',10),(11,2,'How does your organization prepare for the arrival of a PWD new hire before their first day?',1,1,NULL,'2026-04-20 08:04:32','2026-06-03 09:54:01',11),(12,2,'How accessible are your orientation and onboarding materials to employees with disabilities?',1,1,NULL,'2026-04-20 08:04:32','2026-06-03 09:54:05',12),(13,2,'Does your organization assign a buddy or mentor to PWD new hires during the onboarding period?',1,1,NULL,'2026-04-20 08:04:32','2026-06-03 09:54:09',13),(14,2,'How quickly are accommodation needs addressed when identified during the onboarding period?',1,1,NULL,'2026-04-20 08:04:32','2026-06-03 09:54:14',14),(15,2,'Are managers trained and prepared to onboard an employee with a disability?',1,1,NULL,'2026-04-20 08:04:32','2026-06-03 09:54:18',15),(16,2,'How does your organization ensure PWD new hires have clear role expectations and performance goals from Day 1?',1,1,NULL,'2026-04-20 08:04:32','2026-06-03 09:54:24',16),(17,2,'How does your organization ensure the physical workplace orientation is accessible to all PWD new hires?',1,1,NULL,'2026-04-20 08:04:32','2026-06-03 09:54:28',17),(18,2,'How does your organization ensure PWD new hires can access all required digital systems and tools from Day 1?',1,1,NULL,'2026-04-20 08:04:32','2026-06-03 09:54:33',18),(19,2,'How does your organization introduce PWD new hires to their team in an inclusive way?',1,1,NULL,'2026-04-20 08:04:32','2026-06-03 09:54:39',19),(20,2,'How does your organization monitor the experience of PWD new hires during onboarding?',1,1,NULL,'2026-04-20 08:04:32','2026-06-03 09:54:43',20),(21,3,'Does your organization have a formal, written workplace accommodation policy?',1,1,NULL,'2026-04-20 08:04:32','2026-06-03 09:55:18',21),(22,3,'How clear and accessible is the process for employees to request a workplace accommodation?',1,1,NULL,'2026-04-20 08:04:32','2026-06-03 09:55:25',22),(23,3,'What is your organization\'s typical response time from accommodation request to resolution?',1,1,NULL,'2026-04-20 08:04:32','2026-06-03 09:55:31',23),(24,3,'Are managers trained to receive and act on accommodation requests without bias?',1,1,NULL,'2026-04-20 08:04:32','2026-06-03 09:55:36',24),(25,3,'What percentage of your office spaces are physically accessible to employees with mobility impairments?',1,1,NULL,'2026-04-20 08:04:32','2026-06-03 09:56:06',25),(26,3,'Are the digital tools your employees use daily audited for accessibility compliance?',1,1,NULL,'2026-04-20 08:04:32','2026-06-03 10:20:19',26),(27,3,'How does your organization support employees who need assistive technology (screen readers, voice recognition, ergonomic equipment, etc.)?',1,1,NULL,'2026-04-20 08:04:32','2026-06-03 09:56:17',27),(28,3,'How does your organization use flexible or remote work as an accommodation option for PWD employees?',1,1,NULL,'2026-04-20 08:04:32','2026-06-03 09:56:23',28),(29,3,'How does your organization protect the confidentiality and dignity of employees who disclose a disability or request accommodation?',1,1,NULL,'2026-04-20 08:04:32','2026-06-03 09:56:29',29),(30,3,'How does your organization review the effectiveness of accommodations already in place?',1,1,NULL,'2026-04-20 08:04:32','2026-06-03 09:56:36',30),(31,4,'How does your organization\'s voluntary attrition rate for PWD employees compare to the overall employee attrition rate?',1,1,NULL,'2026-04-20 08:04:32','2026-06-03 09:56:16',31),(32,4,'How does your organization ensure PWD employees have equitable access to career development and growth opportunities?',1,1,NULL,'2026-04-20 08:04:32','2026-06-03 09:56:28',32),(33,4,'Are PWD employees promoted at a rate equitable to their non-PWD peers at comparable performance levels?',1,1,NULL,'2026-04-20 08:04:32','2026-06-03 09:56:32',33),(34,4,'How does your organization ensure the performance management process is fair and accessible to PWD employees?',1,1,NULL,'2026-04-20 08:04:32','2026-06-03 09:56:35',34),(35,4,'Does your organization provide mentoring or sponsorship programs accessible to and inclusive of PWD employees?',1,1,NULL,'2026-04-20 08:04:32','2026-06-03 09:56:39',35),(36,4,'How does your organization use exit interview data to understand and reduce PWD employee turnover?',1,1,NULL,'2026-04-20 08:04:32','2026-06-03 09:56:43',36),(37,4,'How does your organization support PWD employees returning after a health-related or disability-related absence?',1,1,NULL,'2026-04-20 08:04:32','2026-06-03 09:56:47',37),(38,4,'How safe do PWD employees feel raising concerns, requesting accommodations, or disclosing disability status?',1,1,NULL,'2026-04-20 08:04:32','2026-06-03 09:56:52',38),(39,4,'How does your organization ensure PWD employees are included in team activities, informal networks, and social events?',1,1,NULL,'2026-04-20 08:04:32','2026-06-03 09:56:58',39),(40,4,'How does your organization demonstrate a long-term commitment to retaining PWD employees beyond initial placement?',1,1,NULL,'2026-04-20 08:04:32','2026-06-03 09:57:03',40),(41,5,'How visibly do senior leaders champion disability inclusion in your organization?',1,1,NULL,'2026-04-20 08:04:32','2026-06-03 09:54:33',41),(42,5,'Does your organization have a formal Disability Inclusion or DEI policy that specifically addresses disability?',1,1,NULL,'2026-04-20 08:04:32','2026-06-03 09:54:37',42),(43,5,'How does your organization promote and enforce inclusive, respectful language about disability?',1,1,NULL,'2026-04-20 08:04:32','2026-06-03 09:54:44',43),(44,5,'What disability awareness training do all employees receive?',1,1,NULL,'2026-04-20 08:04:32','2026-06-03 09:54:50',44),(45,5,'Does your organization have an ERG or affinity group for PWD employees and disability allies?',1,1,NULL,'2026-04-20 08:04:32','2026-06-03 09:54:55',45),(46,5,'How does your organization mark disability awareness moments (e.g., International Day of Persons with Disabilities)?',1,1,NULL,'2026-04-20 08:04:32','2026-06-03 09:54:59',46),(47,5,'How does your organization collect and act on feedback from PWD employees about the workplace culture?',1,1,NULL,'2026-04-20 08:04:32','2026-06-03 09:55:04',47),(48,5,'How does your organization extend its disability inclusion values to its supply chain and partners??',1,1,NULL,'2026-04-20 08:04:32','2026-06-03 09:55:09',48),(49,5,'How does your organization celebrate and recognize the contributions of PWD employees?',1,1,NULL,'2026-04-20 08:04:32','2026-06-03 09:55:15',49),(50,5,'How does your organization measure and continuously improve its disability inclusion culture??',1,1,NULL,'2026-04-20 08:04:32','2026-06-03 09:55:20',50),(52,1,'Job postings explicitly state that candidates with disabilities are encouraged to apply.',0,2,2,'2026-05-26 04:15:27','2026-06-03 09:51:39',1),(54,1,'Job descriptions include only essential functions, avoiding criteria that may inadvertently screen out qualified candidates with disabilities.',0,2,2,'2026-05-26 05:00:56','2026-06-03 09:52:14',2),(55,1,'The online job application platform has been audited for accessibility and meets a recognized standard (e.g., WCAG 2.1).',0,2,2,'2026-05-26 05:12:24','2026-06-03 09:52:26',3),(56,1,'Recruiting communications (email, interview invitations, assessments) are accessible to candidates using assistive technology.',0,2,2,'2026-05-26 05:31:05','2026-06-03 09:52:44',4),(57,1,'Interviewers and hiring managers receive disability awareness and inclusive hiring training.',0,2,2,'2026-05-26 05:38:53','2026-06-03 09:52:47',5),(58,1,'The organization has established measurable goals for recruiting employees with disabilities',0,2,2,'2026-05-26 05:42:20','2026-06-03 09:52:53',6),(59,1,'A needs assessment or gap analysis is conducted to identify roles where diverse talent, including people with disabilities, is underrepresented.',0,2,2,'2026-05-26 05:43:51','2026-06-03 09:52:58',7),(60,1,'The organization actively partners with disability-focused organizations, job boards, or vocational programs to source candidates.',0,2,2,'2026-05-26 05:47:02','2026-06-03 09:53:09',8),(61,1,'Pre-employment assessments and testing tools are reviewed for accessibility before use.',0,2,2,'2026-05-26 05:48:49','2026-06-03 09:53:13',9),(62,1,'Equal employment opportunity statements in all postings and diversity policies explicitly mention disability inclusion.',0,2,2,'2026-05-26 05:50:47','2026-06-03 09:53:18',10),(63,2,'Accessibility and disability inclusion training is formally included in the onboarding program for all new employees.',0,2,2,'2026-05-26 05:54:00','2026-06-03 09:54:01',11),(64,2,'New employees are informed of how to request accommodations during or immediately after onboarding.',0,2,2,'2026-05-26 05:55:37','2026-06-03 09:54:05',12),(65,2,'Onboarding materials (handbooks, forms, presentations, e-learning) are available in accessible formats.',0,2,2,'2026-05-26 05:56:57','2026-06-03 09:54:09',13),(66,2,'The onboarding process includes an introduction to the organization\'s accessibility policy and commitment to disability inclusion.',0,2,2,'2026-05-26 05:58:32','2026-06-03 09:54:14',14),(68,2,'New hires with disabilities are connected to relevant employee resource groups (ERGs) or support contacts during onboarding.',0,2,2,'2026-05-26 06:25:25','2026-06-03 09:54:18',15),(69,2,'Onboarding workflows include verification that an employee\'s workstation and tools are accessible before their first day.',0,2,2,'2026-05-26 06:26:52','2026-06-03 09:54:24',16),(70,2,'Career development paths, including required activities to advance, are communicated in accessible formats during onboarding.',0,2,2,'2026-05-26 06:28:00','2026-06-03 09:54:28',17),(71,2,'Onboarding includes training on internal accessibility tools and assistive technology available to employees.',0,2,2,'2026-05-26 06:29:03','2026-06-03 09:54:33',18),(72,2,'Managers who onboard new employees receive specific guidance on supporting employees with disclosed disabilities.',0,2,2,'2026-05-26 06:29:55','2026-06-03 09:54:39',19),(73,2,'The effectiveness of onboarding for employees with disabilities is periodically evaluated and improved.',0,2,2,'2026-05-26 06:30:51','2026-06-03 09:54:43',20),(74,3,'A written, publicly available policy exists for employees to request ICT-related and workplace accommodations.',0,2,2,'2026-05-26 06:32:48','2026-06-03 09:54:55',21),(75,3,'The accommodation request process is documented, straightforward, and accessible to employees with various disabilities.',0,2,2,'2026-05-26 06:33:48','2026-06-03 09:55:25',22),(76,3,'Tools and workflow systems are in place to facilitate, track, and fulfill accommodation requests in a timely manner.',0,2,2,'2026-05-26 06:34:59','2026-06-03 09:55:31',23),(77,3,'Employees are provided with support for the use of assistive technology needed to perform their job functions.',0,2,2,'2026-05-26 06:37:03','2026-06-03 09:55:36',24),(78,3,'The full range of accommodations is considered, including physical, digital, communication, and scheduling adjustments.',0,2,2,'2026-05-26 06:38:04','2026-06-03 09:56:06',25),(79,3,'Managers are trained to handle accommodation requests respectfully and in compliance with applicable law.',0,2,2,'2026-05-26 06:40:26','2026-06-03 09:56:12',26),(80,3,'An exception or risk-acceptance process exists for situations where a requested accommodation cannot immediately be met.',0,2,2,'2026-05-26 06:41:32','2026-06-03 09:56:17',27),(81,3,'Accommodations are reassessed periodically or when an employee\'s role changes, to ensure continued effectiveness.',0,2,2,'2026-05-26 06:42:59','2026-06-03 09:56:23',28),(82,3,'Employee feedback on accommodation experiences is collected and used to improve the process.',0,2,2,'2026-05-26 06:51:14','2026-06-03 09:56:29',29),(83,3,'Budget is specifically allocated to fund accommodations and assistive technology for employees with disabilities.',0,2,2,'2026-05-26 06:52:36','2026-06-03 09:56:36',30),(84,4,'Employees with disabilities hold roles at all levels and departments, including decision-making positions.',0,2,2,'2026-05-26 06:56:13','2026-06-03 09:56:16',31),(85,4,'A disability-focused employee resource group (ERG) with executive sponsorship exists and is actively leveraged.',0,2,2,'2026-05-26 06:57:35','2026-06-03 09:56:28',32),(86,4,'Employee performance evaluation criteria include accessibility-related responsibilities where relevant to the role.',0,2,2,'2026-05-26 06:59:45','2026-06-03 09:56:32',33),(87,4,'Mentoring programs are available and accessible to employees with disabilities.',0,2,2,'2026-05-26 07:01:57','2026-06-03 09:56:35',34),(88,4,'The organization tracks retention rates of employees with disabilities and uses data to drive improvement.',0,2,2,'2026-05-26 07:03:29','2026-06-03 09:56:39',35),(89,4,'Career advancement opportunities are equally accessible to employees with disabilities, with no systemic barriers.',0,2,2,'2026-05-26 07:04:37','2026-06-03 09:56:43',36),(90,4,'Employees with disabilities are actively included in product development, user research, and accessibility audits.',0,2,2,'2026-05-26 07:05:53','2026-06-03 09:56:47',37),(91,4,'Employee engagement surveys include questions about disability inclusion and accessibility support.',0,2,2,'2026-05-26 07:06:58','2026-06-03 09:56:52',38),(92,4,'A defined process exists for employees to raise accessibility-related concerns or complaints without fear of retaliation.',0,2,2,'2026-05-26 07:08:22','2026-06-03 09:56:58',39),(93,4,'Communities of practice or disability inclusion working groups exist to drive continuous improvement.',0,2,2,'2026-05-26 07:09:28','2026-06-03 09:57:03',40),(94,5,'Executive leadership has made a public statement affirming the organization\'s commitment to disability inclusion.',0,2,2,'2026-05-26 07:11:40','2026-06-03 09:54:33',41),(95,5,'An executive sponsor or senior leader is accountable for the accessibility and disability inclusion program.',0,2,2,'2026-05-26 07:12:50','2026-06-03 09:54:37',42),(96,5,'Disability inclusion and accessibility are explicitly embedded in the organization\'s core values and code of conduct.',0,2,2,'2026-05-26 07:13:56','2026-06-03 09:54:44',43),(97,5,'The organization\'s business strategy includes proactive, measurable goals for accessibility and disability inclusion.',0,2,2,'2026-05-26 07:15:06','2026-06-03 09:54:50',44),(98,5,'All employees receive general disability awareness and accessibility training relevant to their role.',0,2,2,'2026-05-26 07:16:10','2026-06-03 09:54:55',45),(99,5,'Disability inclusion is a recognized component of the broader diversity, equity, and inclusion (DEI) strategy.',0,2,2,'2026-05-26 07:17:07','2026-06-03 09:54:59',46),(100,5,'The organization measures and reports on accessibility program effectiveness, including cultural indicators.',0,2,2,'2026-05-26 07:21:28','2026-06-03 09:55:04',47),(101,5,'A financial plan and dedicated budget exist to advance accessibility maturity across all organizational dimensions.',0,2,2,'2026-05-26 07:22:31','2026-06-03 09:55:09',48),(102,5,'Digital accessibility performance is integrated into employee and officer performance objectives.',0,2,2,'2026-05-26 07:23:30','2026-06-03 09:55:15',49),(103,5,'The organization regularly captures employee feedback on disability inclusion and accessibility culture, and acts on results.',0,2,2,'2026-05-26 07:25:20','2026-06-03 09:55:20',50);
/*!40000 ALTER TABLE `question_bank` ENABLE KEYS */;
UNLOCK TABLES;

--
-- Dumping data for table `question_choices`
--

LOCK TABLES `question_choices` WRITE;
/*!40000 ALTER TABLE `question_choices` DISABLE KEYS */;
INSERT INTO `question_choices` VALUES (1,1,'A','All postings explicitly welcome PWD applicants, state available accommodations, and are published on disability-inclusive job platforms.',4.00),(2,1,'B','Most postings include an equal opportunity statement and mention accommodation availability upon request.',3.00),(3,1,'C','We include generic equal opportunity clause but not actively communicate accommodation availability.',2.00),(4,1,'D','Job postings do not address disability inclusion or accommodation in any way.',1.00),(5,2,'A','Application process is fully accessible (WCAG 2.1 AA), tested with assistive technology, and offers multiple submission formats (online, email, phone).',4.00),(6,2,'B','Application is online and largely accessible; we offer alternative formats when specifically requested.',3.00),(7,2,'C','Application is online but has not been audited for accessibility; accommodations are handled case by case.',2.00),(8,2,'D','No accessibility audit has been done; we are unaware of any barriers in our application process.',1.00),(9,3,'A','Blind CV screening is standard; disability disclosure fields are removed before review; structured scoring rubrics are used by all reviewers.',4.00),(10,3,'B','We use structured rubrics and have trained screeners on unconscious bias, but disability details are still visible on CVs.',3.00),(11,3,'C','We have general unconscious bias training but no specific disability-focused screening protocols.',2.00),(12,3,'D','No structured screening process or bias-prevention measures are in place.',1.00),(13,4,'A','All interviewers receive disability inclusion training; candidates are proactively asked about accommodation needs before the interview; structured interview questions are used consistently.',4.00),(14,4,'B','We ask candidates about accommodations upon request and use structured questions, but interviewer training is not mandatory.',3.00),(15,4,'C','Accommodations are provided if a candidate asks, but we do not proactively offer them; interviewer training is ad-hoc.',2.00),(16,4,'D','No accommodation process for interviews; interviewers receive no disability-specific training.',1.00),(17,5,'A','All job requirements are reviewed for essential vs. non-essential functions; criteria are validated against actual job demands; adjustments are made where requirements can be met with reasonable accommodation.',4.00),(18,5,'B','HR reviews criteria for obvious exclusionary requirements but no formal validation process exists.',3.00),(19,5,'C','Selection criteria are set by hiring managers with no formal review for disability-related exclusion.',2.00),(20,5,'D','Selection criteria have never been reviewed through a disability inclusion lens.',1.00),(21,6,'A','We have formal, quantified PWD hiring targets, report progress quarterly, and link targets to leadership accountability.',4.00),(22,6,'B','We have informal hiring targets for PWDs and track progress annually.',3.00),(23,6,'C','We are aware of the need for PWD hiring targets but have not formally set them.',2.00),(24,6,'D','We have no hiring targets related to disability inclusion.',1.00),(25,7,'A','We have active partnerships with at least 3 disability-focused organizations (e.g., Virtualahan), attend disability job fairs, and maintain relationships with PWD communities.',4.00),(26,7,'B','We partner with 1–2 disability organizations and occasionally attend relevant job fairs.',3.00),(27,7,'C','We rely on general job boards and accept referrals from disability organizations when they come to us.',2.00),(28,7,'D','We have no active sourcing strategy targeting candidates with disabilities.',1.00),(29,8,'A','Assessments are designed to be disability-neutral by default, offered in accessible formats, and alternative assessment methods are available for all rules.',4.00),(30,8,'B','Accessible formats are available upon request and we adjust assessments case by case.',3.00),(31,8,'C','We make adjustments when a candidate specifically requests them, but our default assessments are not designed with accessibility in mind.',2.00),(32,8,'D','Pre-employment assessments have not been reviewed for accessibility.',1.00),(33,9,'A','Offer process includes proactive discussion of accommodation needs, flexible start dates, and documentation of agreed support before the first day.',4.00),(34,9,'B','We discuss accommodations during the offer stage when a candidate raises it.',3.00),(35,9,'C','Accommodations are discussed during onboarding, not the offer stage.',2.00),(36,9,'D','Accommodation needs are not formally discussed at any stage of the hiring process.',1.00),(37,10,'A','We collect voluntary disability disclosure data, track PWD hiring rates, analyze pipeline conversion at each stage, and report findings to leadership quarterly.',4.00),(38,10,'B','We collect voluntary disclosure data and track overall PWD hiring numbers annually.',3.00),(39,10,'C','We collect voluntary disclosure data but do not analyze it systematically.',2.00),(40,10,'D','We do not collect or track any disability-related hiring data.',1.00),(41,11,'A','A structured pre-boarding checklist is completed for every PWD hire: workstation assessed, assistive technology installed, buddy assigned, and all access needs confirmed in writing.',4.00),(42,11,'B','We confirm accommodation needs before Day 1 and make basic preparations, but no formal checklist is used.',3.00),(43,11,'C','We prepare for PWD new hires on a case-by-case basis with no standard process.',2.00),(44,11,'D','No specific pre-boarding preparation is made for PWD new hires beyond standard onboarding.',1.00),(45,12,'A','All orientation materials (documents, videos, presentations) meet WCAG 2.1 AA standards, are available in multiple formats (screen-reader friendly, captioned, large print), and have been tested by a PWD.',4.00),(46,12,'B','Most materials are in digital format and generally accessible; we provide alternative formats upon request.',3.00),(47,12,'C','Materials are in standard digital formats that have not been audited for accessibility.',2.00),(48,12,'D','Orientation materials are print-based or use formats that have not been reviewed for accessibility.',1.00),(49,13,'A','All PWD new hires are assigned a trained inclusion buddy who checks in weekly for the first 90 days; buddy training is mandatory and documented.',4.00),(50,13,'B','We assign a buddy to PWD new hires but buddy training is informal and check-ins are not structured.',3.00),(51,13,'C','A buddy is assigned to all new hires (not PWD-specific); no specialized preparation for supporting PWD colleagues.',2.00),(52,13,'D','No buddy or mentor system exists during onboarding.',1.00),(53,14,'A','All accommodation requests raised during onboarding are resolved within 5 business days; a single point of contact (accommodation coordinator) manages the process.',4.00),(54,14,'B','Accommodations are addressed within 2 weeks; HR manages the process but no dedicated coordinator exists.',3.00),(55,14,'C','Accommodations are addressed eventually but with no defined timeline; the process varies by manager.',2.00),(56,14,'D','Accommodation needs raised during onboarding are not tracked or managed systematically.',1.00),(57,15,'A','All managers whose teams include PWD hires complete mandatory disability inclusion and onboarding training before the employee\'s first day; training is assessed and documented.',4.00),(58,15,'B','Managers receive disability awareness training as part of general management development, but it is not specifically timed to a PWD hire.',3.00),(59,15,'C','Training is available but optional; not all relevant managers have completed it.',2.00),(60,15,'D','Managers receive no specific training on onboarding employees with disabilities.',1.00),(61,16,'A','Structured 30-60-90 day plans are co-created with every new hire including PWDs; plans explicitly account for any adjustment period and are reviewed by HR.',4.00),(62,16,'B','30-60-90 day plans are used for most new hires; PWD-specific adjustments are made when raised.',3.00),(63,16,'C','Role expectations are communicated verbally; no structured written plan is standard.',2.00),(64,16,'D','New hires are expected to figure out role expectations through observation and informal guidance.',1.00),(65,17,'A','A personalized physical orientation is conducted for every PWD new hire, covering all accessible routes, facilities, emergency evacuation procedures (with personalized plan), and assistive equipment locations.',4.00),(66,17,'B','Physical orientation covers main areas; personalized accessibility routes are shown when needed.',3.00),(67,17,'C','Standard workplace tour is provided to all new hires with no disability-specific adaptation.',2.00),(68,17,'D','No formal workplace orientation is provided.',1.00),(69,18,'A','All required systems are pre-configured for accessibility before the employee\'s start date; IT conducts a personalized accessibility setup session within the first week',4.00),(70,18,'B','Standard IT setup is completed before Day 1; accessibility settings are configured when the employee requests them.',3.00),(71,18,'C','IT setup is completed, but accessibility configurations are left to the employee to figure out.',2.00),(72,18,'D','IT setup is often delayed for new hires; no accessibility review of digital tools is done.',1.00),(73,19,'A','Team introductions follow a structured inclusion protocol: team is briefed on respectful communication before the new hire arrives; introduction formats are agreed with the new hire in advance.',4.00),(74,19,'B','Team introductions happen naturally; managers remind teams of respectful communication principles informally',3.00),(75,19,'C','New hires are introduced to teams at the manager\'s discretion with no structured protocol',2.00),(76,19,'D','No specific approach to team introductions for PWD new hires exists.',1.00),(77,20,'A','Structured check-ins occur at Day 7, Day 30, and Day 90 with both HR and the line manager; feedback is documented and any concerns trigger a formal response process.',4.00),(78,20,'B','At least one formal HR check-in occurs within the first 30 days for PWD new hires.',3.00),(79,20,'C','Manager check-ins happen informally; no structured HR review of the onboarding experience.',2.00),(80,20,'D','No formal check-in process exists; issues surface only when the employee raises them.',1.00),(81,21,'A','A comprehensive written accommodation policy exists, is reviewed annually, is accessible on the company intranet, and is communicated to all employees during onboarding.',4.00),(82,21,'B','A written accommodation policy exists but is not prominently communicated or regularly reviewed.',3.00),(83,21,'C','We follow accommodation practices informally but have no documented policy.',2.00),(84,21,'D','No accommodation policy exists in any form.',1.00),(85,22,'A','A clearly documented, step-by-step accommodation request process is available in multiple accessible formats; employees know exactly who to contact and what to expect at each stage.',4.00),(86,22,'B','A process exists and is documented, but awareness among employees is low.',3.00),(87,22,'C','Employees can request accommodations but must navigate an unclear, inconsistent process.',2.00),(88,22,'D','No formal request process exists; employees must advocate for themselves without guidance.',1.00),(89,23,'A','All requests are acknowledged within 2 business days and fully resolved within 10 business days; response time is tracked and reported.',4.00),(90,23,'B','Most requests are resolved within 3 weeks; response time is not formally tracked.',3.00),(91,23,'C','Resolution typically takes 4–6 weeks and varies significantly by department or manager.',2.00),(92,23,'D','Resolution time is unpredictable and often exceeds 6 weeks or requests are left unresolved.',1.00),(93,24,'A','All managers complete mandatory accommodation training annually; training covers legal obligations, bias awareness, and practical response steps; completion is tracked.',4.00),(94,24,'B','Accommodation training is available and most managers have completed it, but it is not mandatory.',3.00),(95,24,'C','General disability awareness training exists but does not cover accommodation processes specifically.',2.00),(96,24,'D','No accommodation or disability-related training is provided to managers.',1.00),(97,25,'A','100% of office spaces are accessible: accessible entrances, elevators, restrooms, workstations, and emergency evacuation plans for all mobility needs.',4.00),(98,25,'B','75–99% of spaces are accessible; minor gaps exist and are documented with remediation plans.',3.00),(99,25,'C','50–74% of spaces are accessible; significant barriers remain in some areas.',2.00),(100,25,'D','Less than 50% of spaces are accessible or accessibility has not been formally assessed.',1.00),(101,26,'A','All primary digital tools are audited against WCAG 2.1 AA annually; findings are remediated within a defined timeline; accessibility is a procurement requirement for new tools.',4.00),(102,26,'B','Key tools have been assessed for accessibility; gaps are known but remediation is slow.',3.00),(103,26,'C','Some tools have been assessed informally; no systematic audit process exists.',2.00),(104,26,'D','Digital tools have never been assessed for accessibility compliance.',1.00),(105,27,'A','A catalog of available assistive technology is maintained; equipment is provided at no cost to the employee within 5 business days of request; IT provides setup support.',4.00),(106,27,'B','Assistive technology is procured on request; the process works but takes 2–4 weeks.',3.00),(107,27,'C','Assistive technology can be requested but the process is unclear and slow.',2.00),(108,27,'D','No formal process or budget exists for assistive technology procurement.',1.00),(109,28,'A','Flexible and remote work are formally recognized as accommodation options; policies explicitly include these arrangements; they are granted without stigma when requested for disability-related reasons.',4.00),(110,28,'B','Flexible/remote work is available as an accommodation but requires manager approval on a case-by-case basis.',3.00),(111,28,'C','Flexible/remote work is theoretically available but not commonly granted as an accommodation.',2.00),(112,28,'D','Flexible/remote work is not recognized as a formal accommodation option.',1.00),(113,29,'A','Strict confidentiality protocols are in place: disclosure is shared only with those with operational need to know; consent is obtained before any sharing; employees are trained on their rights.',4.00),(114,29,'B','Confidentiality is maintained by HR but protocols are not formally documented or communicated to employees.',3.00),(115,29,'C','Confidentiality is expected but not formally governed; practices vary by manager.',2.00),(116,29,'D','No formal confidentiality protocols exist for disability disclosure or accommodation requests.',1.00),(117,30,'A','Accommodations are reviewed at least annually in partnership with the employee; reviews are documented and adjustments are made proactively as roles or needs change.',4.00),(118,30,'B','Accommodations are reviewed when the employee raises a concern or when a role changes.',3.00),(119,30,'C','Accommodations are rarely reviewed after initial implementation unless a problem arises.',2.00),(120,30,'D','No review process exists; accommodations, once implemented, are never formally revisited.',1.00),(121,31,'A','PWD voluntary attrition is at or below the overall organizational attrition rate; data is tracked quarterly and any gap triggers an immediate review.',4.00),(122,31,'B','PWD attrition is slightly higher (up to 10% above org average) and is monitored annually.',3.00),(123,31,'C','PWD attrition is 10–25% higher than org average; the gap is known but no formal intervention plan exists.',2.00),(124,31,'D','PWD attrition is more than 25% above org average, or attrition is not tracked by disability status at all.',1.00),(125,32,'A','PWD employees participate in career development programs at the same rate as non-PWD peers; participation is tracked; any gap triggers targeted outreach.',4.00),(126,32,'B','Career development opportunities are available to all employees; PWD participation is not specifically tracked.',3.00),(127,32,'C','PWD employees have access to standard career development programs but face informal barriers (scheduling, format, awareness).',2.00),(128,32,'D','Career development access for PWD employees is not monitored; disparities are likely but unconfirmed.',1.00),(129,33,'A','Promotion rates for PWD employees are tracked and benchmarked against non-PWD peers; any gap is formally investigated and remediated.',4.00),(130,33,'B','Promotion rates are not broken down by disability status but the process is designed to be objective.',3.00),(131,33,'C','We believe promotions are equitable but have no data to confirm or deny disparities.',2.00),(132,33,'D','We have not analyzed promotion equity by disability status and disparities may exist.',1.00),(133,34,'A','Performance frameworks are reviewed for disability-related bias annually; accommodation needs are factored into goal-setting; managers are trained on equitable performance evaluation for PWD employees.',4.00),(134,34,'B','Standard performance management applies to all employees; managers are aware of the need to factor in accommodations but receive no formal training.',3.00),(135,34,'C','Performance management is standardized; no specific adjustments or bias reviews for PWD employees.',2.00),(136,34,'D','Performance management has not been reviewed for accessibility or PWD-related equity.',1.00),(137,35,'A','A formal mentoring program exists, actively recruits PWD participants, includes disability-aware mentor training, and tracks PWD participation rates.',4.00),(138,35,'B','A mentoring program exists and is open to all; PWD employees can participate but are not specifically targeted or tracked.',3.00),(139,35,'C','Informal mentoring exists through personal networks; no structured program is in place',2.00),(140,35,'D','No mentoring or sponsorship program exists in the organization.',1.00),(141,36,'A','Exit interviews are conducted for all departing PWD employees; disability-related turnover reasons are tracked separately; findings are reported to leadership and drive specific retention interventions.',4.00),(142,36,'B','Exit interviews are conducted for all employees; disability-related trends are occasionally reviewed.',3.00),(143,36,'C','Exit interviews are conducted but disability status is not captured or analyzed separately.',2.00),(144,36,'D','Exit interviews are not conducted consistently or the data is not analyzed.',1.00),(145,37,'A','A formal return-to-work program exists: phased return plans, accommodation review upon return, dedicated HR support, and manager briefing before the employee\'s return date',4.00),(146,37,'B','Return-to-work is handled by HR on a case-by-case basis; some structure exists but it varies.',3.00),(147,37,'C','Returning employees are expected to resume normal duties; informal support is available on request.',2.00),(148,37,'D','No formal return-to-work process exists; employees return without structured support.',1.00),(149,38,'A','Regular anonymous surveys measure psychological safety specifically for PWD employees; results are reviewed by leadership; any decline triggers immediate action.',4.00),(150,38,'B','General employee satisfaction surveys include some inclusion questions; PWD-specific data is not isolated.',3.00),(151,38,'C','We believe the environment is safe but have no data or formal mechanism to measure it.',2.00),(152,38,'D','No mechanism exists to measure psychological safety for PWD employees.',1.00),(153,39,'A','All team events and social activities are reviewed for accessibility before scheduling; PWD employees are consulted; inaccessible events are adapted or alternatives are offered.',4.00),(154,39,'B','Accessibility of team events is considered but not systematically reviewed; gaps are addressed when flagged.',3.00),(155,39,'C','Team events default to standard formats; PWD employees must raise accessibility concerns themselves.',2.00),(156,39,'D','Accessibility of social and team activities is not considered in planning.',1.00),(157,40,'A','Retention of PWD employees is a stated organizational goal with named executive ownership; 12-month and 24-month retention rates for PWD employees are tracked and reported.',4.00),(158,40,'B','PWD retention is valued informally; some tracking occurs but no formal goal or executive accountability exists.',3.00),(159,40,'C','Retention of PWD employees is discussed but treated as the responsibility of the immediate manager only.',2.00),(160,40,'D','No specific focus on long-term retention of PWD employees exists at an organizational level.',1.00),(161,41,'A','Senior leaders publicly champion disability inclusion through visible actions (internal communications, participation in disability awareness events, public statements); inclusion is a standing agenda item at leadership meetings.',4.00),(162,41,'B','Some senior leaders champion inclusion informally; it is raised occasionally at leadership level.',3.00),(163,41,'C','Disability inclusion is delegated entirely to HR; senior leaders are supportive in principle but not visibly active.',2.00),(164,41,'D','Disability inclusion is not a leadership priority and is rarely mentioned by senior leaders.',1.00),(165,42,'A','A formal, disability-specific inclusion policy exists, is reviewed annually, is accessible to all employees, and has named accountability (e.g., a DEI officer or committee).',4.00),(166,42,'B','A general DEI policy exists that mentions disability; it is accessible but rarely reviewed.',3.00),(167,42,'C','A generic equal opportunity policy exists; disability is implied but not specifically addressed.',2.00),(168,42,'D','No formal DEI or disability inclusion policy exists.',1.00),(169,43,'A','An inclusive language guide specific to disability is available; managers are trained to address non-inclusive language immediately; the guide is reviewed and updated annually.',4.00),(170,43,'B','General communication guidelines exist that touch on respectful language; no disability-specific guidance.',3.00),(171,43,'C','Inclusive language is encouraged informally but there is no formal guidance or enforcement mechanism.',2.00),(172,43,'D','No guidance on inclusive language related to disability exists.',1.00),(173,44,'A','All employees complete mandatory disability awareness training annually; training covers respectful language, allyship, unconscious bias, and practical inclusion behaviors; completion is tracked.',4.00),(174,44,'B','Disability awareness training is available and most employees have completed it, but it is not mandatory.',3.00),(175,44,'C','Training is available but participation is low; it is not promoted or tracked.',2.00),(176,44,'D','No disability awareness training is provided to general employees.',1.00),(177,45,'A','A PWD ERG exists with dedicated budget, executive sponsorship, formal recognition, and regular programming; ERG input is sought in organizational decision-making.',4.00),(178,45,'B','A PWD ERG or informal group exists but has limited budget and no formal executive sponsorship.',3.00),(179,45,'C','Interest in forming a PWD ERG has been expressed but no group has been established.',2.00),(180,45,'D','No ERG or affinity group related to disability exists.',1.00),(181,46,'A','Annual disability awareness programming is planned and resourced; includes internal events, PWD speaker series, and employee communications; outcomes are measured.',4.00),(182,46,'B','The organization marks key awareness dates with internal communications and occasional events.',3.00),(183,46,'C','Awareness dates are acknowledged informally by some teams but not organizationally.',2.00),(184,46,'D','Disability awareness events or dates are not recognized by the organization.',1.00),(185,47,'A','Disaggregated PWD employee feedback is collected through regular surveys; results are shared transparently; action plans are developed and tracked publicly.',4.00),(186,47,'B','General employee surveys include inclusion questions; PWD-specific results are not isolated or shared.',3.00),(187,47,'C','Feedback is collected informally; no mechanism exists to capture disability-specific cultural feedback.',2.00),(188,47,'D','No formal mechanism exists to collect feedback from PWD employees.',1.00),(189,48,'A','Disability inclusion standards are embedded in supplier and partner selection criteria; partners are assessed and encouraged to adopt similar inclusion practices.',4.00),(190,48,'B','We communicate our values to partners and prefer inclusive suppliers when all else is equal.',3.00),(191,48,'C','Our inclusion standards apply internally only; we have not extended them to the supply chain.',2.00),(192,48,'D','Disability inclusion is not considered in supplier or partner relationships.',1.00),(193,49,'A','PWD employee stories and achievements are shared internally with consent; PWD employees are featured in organizational communications, awards, and recognition programs?',4.10),(194,49,'B','PWD employees are recognized through general recognition programs; no specific highlighting of their inclusion journey or contributions.',3.00),(195,49,'C','Recognition programs exist but PWD employees are rarely featured or highlighted.',2.00),(196,49,'D','Recognition programs do not consider disability inclusion perspectives.',1.00),(197,50,'A','Disability inclusion culture is measured annually using a validated instrument; scores are benchmarked against industry peers; a formal improvement plan with named owners and timelines is updated each year.',4.00),(198,50,'B','Cultural inclusion is measured through general engagement surveys; disability-specific trends are reviewed when possible.',3.00),(199,50,'C','We conduct periodic reviews of our culture informally but have no structured measurement tool.',2.00),(200,50,'D','Disability inclusion culture is not formally measured or tracked.',1.00),(208,52,'A','Not in Place',1.00),(209,52,'B','Planned',2.00),(210,52,'C','Partially Done',3.00),(211,52,'D','Fully Established',4.00),(222,54,'A','Not in Place',1.00),(223,54,'B','Planned',2.00),(224,54,'C','Partially Done',3.00),(225,54,'D','Fully Established',4.00),(229,55,'A','Not in Place',1.00),(230,55,'B','Planned',2.00),(231,55,'C','Partially Done',3.00),(232,55,'D','Fully Established',4.00),(236,56,'A','Not in Place',1.00),(237,56,'B','Planned',2.00),(238,56,'C','Partially Done',3.00),(239,56,'D','Fully Established',4.00),(243,57,'A','Not in Place',1.00),(244,57,'B','Planned',2.00),(245,57,'C','Partially Done',3.00),(246,57,'D','Fully Established',4.00),(250,58,'A','Not in Place',1.00),(251,58,'B','Planned',2.00),(252,58,'C','Partially Done',3.00),(253,58,'D','Fully Established',4.00),(257,59,'A','Not in Place',1.00),(258,59,'B','Planned',2.00),(259,59,'C','Partially Done',3.00),(260,59,'D','Fully Established',4.00),(264,60,'A','Not in Place',1.00),(265,60,'B','Planned',2.00),(266,60,'C','Partially Done',3.00),(267,60,'D','Fully Established',4.00),(271,61,'A','Not in Place',1.00),(272,61,'B','Planned',2.00),(273,61,'C','Partially Done',3.00),(274,61,'D','Fully Established',4.00),(278,62,'A','Not in Place',1.00),(279,62,'B','Planned',2.00),(280,62,'C','Partially Done',3.00),(281,62,'D','Fully Established',4.00),(285,63,'A','Not in Place',1.00),(286,63,'B','Planned',2.00),(287,63,'C','Partially Done',3.00),(288,63,'D','Fully Established',4.00),(292,64,'A','Not in Place',1.00),(293,64,'B','Planned',2.00),(294,64,'C','Partially Done',3.00),(295,64,'D','Fully Established',4.00),(299,65,'A','Not in Place',1.00),(300,65,'B','Planned',2.00),(301,65,'C','Partially Done',3.00),(302,65,'D','Fully Established',4.00),(306,66,'A','Not in Place',1.00),(307,66,'B','Planned',2.00),(308,66,'C','Partially Done',3.00),(309,66,'D','Fully Established',4.00),(320,68,'A','Not in Place',1.00),(321,68,'B','Planned',2.00),(322,68,'C','Partially Done',3.00),(323,68,'D','Fully Established',4.00),(327,69,'A','Not in Place',1.00),(328,69,'B','Planned',2.00),(329,69,'C','Partially Done',3.00),(330,69,'D','Fully Established',4.00),(334,70,'A','Not in Place',1.00),(335,70,'B','Planned',2.00),(336,70,'C','Partially Done',3.00),(337,70,'D','Fully Established',4.00),(341,71,'A','Not in Place',1.00),(342,71,'B','Planned',2.00),(343,71,'C','Partially Done',3.00),(344,71,'D','Fully Established',4.00),(348,72,'A','Not in Place',1.00),(349,72,'B','Planned',2.00),(350,72,'C','Partially Done',3.00),(351,72,'D','Fully Established',4.00),(355,73,'A','Not in Place',1.00),(356,73,'B','Planned',2.00),(357,73,'C','Partially Done',3.00),(358,73,'D','Fully Established',4.00),(362,74,'A','Not in Place',1.00),(363,74,'B','Planned',2.00),(364,74,'C','Partially Done',3.00),(365,74,'D','Fully Established',4.00),(369,75,'A','Not in Place',1.00),(370,75,'B','Planned',2.00),(371,75,'C','Partially Done',3.00),(372,75,'D','Fully Established',4.00),(376,76,'A','Not in Place',1.00),(377,76,'B','Planned',2.00),(378,76,'C','Partially Done',3.00),(379,76,'D','Fully Established',4.00),(383,77,'A','Not in Place',1.00),(384,77,'B','Planned',2.00),(385,77,'C','Partially Done',3.00),(386,77,'D','Fully Established',4.00),(390,78,'A','Not in Place',1.00),(391,78,'B','Planned',2.00),(392,78,'C','Partially Done',3.00),(393,78,'D','Fully Established',4.00),(397,79,'A','Not in Place',1.00),(398,79,'B','Planned',2.00),(399,79,'C','Partially Done',3.00),(400,79,'D','Fully Established',4.00),(404,80,'A','Not in Place',1.00),(405,80,'B','Planned',2.00),(406,80,'C','Partially Done',3.00),(407,80,'D','Fully Established',4.00),(411,81,'A','Not in Place',1.00),(412,81,'B','Planned',2.00),(413,81,'C','Partially Done',3.00),(414,81,'D','Fully Established',4.00),(418,82,'A','Not in Place',1.00),(419,82,'B','Planned',2.00),(420,82,'C','Partially Done',3.00),(421,82,'D','Fully Established',4.00),(425,83,'A','Not in Place',1.00),(426,83,'B','Planned',2.00),(427,83,'C','Partially Done',3.00),(428,83,'D','Fully Established',4.00),(432,84,'A','Not in Place',1.00),(433,84,'B','Planned',2.00),(434,84,'C','Partially Done',3.00),(435,84,'D','Fully Established',4.00),(439,85,'A','Not in Place',1.00),(440,85,'B','Planned',2.00),(441,85,'C','Partially Done',3.00),(442,85,'D','Fully Established',4.00),(446,86,'A','Not in Place',1.00),(447,86,'B','Planned',2.00),(448,86,'C','Partially Done',3.00),(449,86,'D','Fully Established',4.00),(453,87,'A','Not in Place',1.00),(454,87,'B','Planned',2.00),(455,87,'C','Partially Done',3.00),(456,87,'D','Fully Established',4.00),(460,88,'A','Not in Place',1.00),(461,88,'B','Planned',2.00),(462,88,'C','Partially Done',3.00),(463,88,'D','Fully Established',4.00),(467,89,'A','Not in Place',1.00),(468,89,'B','Planned',2.00),(469,89,'C','Partially Done',3.00),(470,89,'D','Fully Established',4.00),(474,90,'A','Not in Place',1.00),(475,90,'B','Planned',2.00),(476,90,'C','Partially Done',3.00),(477,90,'D','Fully Established',4.00),(481,91,'A','Not in Place',1.00),(482,91,'B','Planned',2.00),(483,91,'C','Partially Done',3.00),(484,91,'D','Fully Established',4.00),(488,92,'A','Not in Place',1.00),(489,92,'B','Planned',2.00),(490,92,'C','Partially Done',3.00),(491,92,'D','Fully Established',4.00),(495,93,'A','Not in Place',1.00),(496,93,'B','Planned',2.00),(497,93,'C','Partially Done',3.00),(498,93,'D','Fully Established',4.00),(502,94,'A','Not in Place',1.00),(503,94,'B','Planned',2.00),(504,94,'C','Partially Done',3.00),(505,94,'D','Fully Established',4.00),(509,95,'A','Not in Place',1.00),(510,95,'B','Planned',2.00),(511,95,'C','Partially Done',3.00),(512,95,'D','Fully Established',4.00),(516,96,'A','Not in Place',1.00),(517,96,'B','Planned',2.00),(518,96,'C','Partially Done',3.00),(519,96,'D','Fully Established',4.00),(523,97,'A','Not in Place',1.00),(524,97,'B','Planned',2.00),(525,97,'C','Partially Done',3.00),(526,97,'D','Fully Established',4.00),(530,98,'A','Not in Place',1.00),(531,98,'B','Planned',2.00),(532,98,'C','Partially Done',3.00),(533,98,'D','Fully Established',4.00),(537,99,'A','Not in Place',1.00),(538,99,'B','Planned',2.00),(539,99,'C','Partially Done',3.00),(540,99,'D','Fully Established',4.00),(544,100,'A','Not in Place',1.00),(545,100,'B','Planned',2.00),(546,100,'C','Partially Done',3.00),(547,100,'D','Fully Established',4.00),(551,101,'A','Not in Place',1.00),(552,101,'B','Planned',2.00),(553,101,'C','Partially Done',3.00),(554,101,'D','Fully Established',4.00),(558,102,'A','Not in Place',1.00),(559,102,'B','Planned',2.00),(560,102,'C','Partially Done',3.00),(561,102,'D','Fully Established',4.00),(565,103,'A','Not in Place',1.00),(566,103,'B','Planned',2.00),(567,103,'C','Partially Done',3.00),(568,103,'D','Fully Established',4.00);
/*!40000 ALTER TABLE `question_choices` ENABLE KEYS */;
UNLOCK TABLES;

--
-- Dumping data for table `question_choice_recommendations`
--

LOCK TABLES `question_choice_recommendations` WRITE;
/*!40000 ALTER TABLE `question_choice_recommendations` DISABLE KEYS */;
INSERT INTO `question_choice_recommendations` (`id`, `choice_id`, `severity`, `gap_definition`, `recommendation_text`, `created_at`, `updated_at`) VALUES (91,122,'low',NULL,'Optional improvement: strengthen documentation and monitoring to track PWD attrition against overall attrition and investigate gaps through a retention action plan.','2026-06-04 00:43:19','2026-06-10 10:54:39');
INSERT INTO `question_choice_recommendations` (`id`, `choice_id`, `severity`, `gap_definition`, `recommendation_text`, `created_at`, `updated_at`) VALUES (92,123,'moderate',NULL,'Moderate action: formalize the plan, timeline, and accountability to track PWD attrition against overall attrition and investigate gaps through a retention action plan.','2026-06-04 00:43:19','2026-06-10 10:54:39');
INSERT INTO `question_choice_recommendations` (`id`, `choice_id`, `severity`, `gap_definition`, `recommendation_text`, `created_at`, `updated_at`) VALUES (93,124,'critical',NULL,'Critical action: start immediately and assign an owner to track PWD attrition against overall attrition and investigate gaps through a retention action plan.','2026-06-04 00:43:19','2026-06-10 10:54:39');
INSERT INTO `question_choice_recommendations` (`id`, `choice_id`, `severity`, `gap_definition`, `recommendation_text`, `created_at`, `updated_at`) VALUES (94,126,'low',NULL,'Optional improvement: strengthen documentation and monitoring to monitor PWD participation in career development and remove barriers to equitable access.','2026-06-04 00:43:19','2026-06-10 10:54:39');
INSERT INTO `question_choice_recommendations` (`id`, `choice_id`, `severity`, `gap_definition`, `recommendation_text`, `created_at`, `updated_at`) VALUES (95,127,'moderate',NULL,'Moderate action: formalize the plan, timeline, and accountability to monitor PWD participation in career development and remove barriers to equitable access.','2026-06-04 00:43:19','2026-06-10 10:54:39');
INSERT INTO `question_choice_recommendations` (`id`, `choice_id`, `severity`, `gap_definition`, `recommendation_text`, `created_at`, `updated_at`) VALUES (96,128,'critical',NULL,'Critical action: start immediately and assign an owner to monitor PWD participation in career development and remove barriers to equitable access.','2026-06-04 00:43:19','2026-06-10 10:54:39');
INSERT INTO `question_choice_recommendations` (`id`, `choice_id`, `severity`, `gap_definition`, `recommendation_text`, `created_at`, `updated_at`) VALUES (97,130,'low',NULL,'Optional improvement: strengthen documentation and monitoring to analyze promotion equity for PWD employees and remediate any disparities found.','2026-06-04 00:43:19','2026-06-10 10:54:39');
INSERT INTO `question_choice_recommendations` (`id`, `choice_id`, `severity`, `gap_definition`, `recommendation_text`, `created_at`, `updated_at`) VALUES (98,131,'moderate',NULL,'Moderate action: formalize the plan, timeline, and accountability to analyze promotion equity for PWD employees and remediate any disparities found.','2026-06-04 00:43:19','2026-06-10 10:54:39');
INSERT INTO `question_choice_recommendations` (`id`, `choice_id`, `severity`, `gap_definition`, `recommendation_text`, `created_at`, `updated_at`) VALUES (99,132,'critical',NULL,'Critical action: start immediately and assign an owner to analyze promotion equity for PWD employees and remediate any disparities found.','2026-06-04 00:43:19','2026-06-10 10:54:39');
INSERT INTO `question_choice_recommendations` (`id`, `choice_id`, `severity`, `gap_definition`, `recommendation_text`, `created_at`, `updated_at`) VALUES (100,134,'low',NULL,'Optional improvement: strengthen documentation and monitoring to review performance management for disability-related bias and train managers on equitable evaluation.','2026-06-04 00:43:19','2026-06-10 10:54:39');
INSERT INTO `question_choice_recommendations` (`id`, `choice_id`, `severity`, `gap_definition`, `recommendation_text`, `created_at`, `updated_at`) VALUES (101,135,'moderate',NULL,'Moderate action: formalize the plan, timeline, and accountability to review performance management for disability-related bias and train managers on equitable evaluation.','2026-06-04 00:43:19','2026-06-10 10:54:39');
INSERT INTO `question_choice_recommendations` (`id`, `choice_id`, `severity`, `gap_definition`, `recommendation_text`, `created_at`, `updated_at`) VALUES (102,136,'critical',NULL,'Critical action: start immediately and assign an owner to review performance management for disability-related bias and train managers on equitable evaluation.','2026-06-04 00:43:19','2026-06-10 10:54:39');
INSERT INTO `question_choice_recommendations` (`id`, `choice_id`, `severity`, `gap_definition`, `recommendation_text`, `created_at`, `updated_at`) VALUES (103,138,'low',NULL,'Optional improvement: strengthen documentation and monitoring to make mentoring and sponsorship programs accessible and actively recruit PWD participants.','2026-06-04 00:43:19','2026-06-10 10:54:39');
INSERT INTO `question_choice_recommendations` (`id`, `choice_id`, `severity`, `gap_definition`, `recommendation_text`, `created_at`, `updated_at`) VALUES (104,139,'moderate',NULL,'Moderate action: formalize the plan, timeline, and accountability to make mentoring and sponsorship programs accessible and actively recruit PWD participants.','2026-06-04 00:43:19','2026-06-10 10:54:39');
INSERT INTO `question_choice_recommendations` (`id`, `choice_id`, `severity`, `gap_definition`, `recommendation_text`, `created_at`, `updated_at`) VALUES (105,140,'critical',NULL,'Critical action: start immediately and assign an owner to make mentoring and sponsorship programs accessible and actively recruit PWD participants.','2026-06-04 00:43:19','2026-06-10 10:54:39');
INSERT INTO `question_choice_recommendations` (`id`, `choice_id`, `severity`, `gap_definition`, `recommendation_text`, `created_at`, `updated_at`) VALUES (106,142,'low',NULL,'Optional improvement: strengthen documentation and monitoring to capture disability-related trends in exit interviews and use findings for retention interventions.','2026-06-04 00:43:19','2026-06-10 10:54:39');
INSERT INTO `question_choice_recommendations` (`id`, `choice_id`, `severity`, `gap_definition`, `recommendation_text`, `created_at`, `updated_at`) VALUES (107,143,'moderate',NULL,'Moderate action: formalize the plan, timeline, and accountability to capture disability-related trends in exit interviews and use findings for retention interventions.','2026-06-04 00:43:19','2026-06-10 10:54:39');
INSERT INTO `question_choice_recommendations` (`id`, `choice_id`, `severity`, `gap_definition`, `recommendation_text`, `created_at`, `updated_at`) VALUES (108,144,'critical',NULL,'Critical action: start immediately and assign an owner to capture disability-related trends in exit interviews and use findings for retention interventions.','2026-06-04 00:43:19','2026-06-10 10:54:39');
INSERT INTO `question_choice_recommendations` (`id`, `choice_id`, `severity`, `gap_definition`, `recommendation_text`, `created_at`, `updated_at`) VALUES (109,146,'low',NULL,'Optional improvement: strengthen documentation and monitoring to create a structured return-to-work process with accommodation review and manager guidance.','2026-06-04 00:43:19','2026-06-10 10:54:39');
INSERT INTO `question_choice_recommendations` (`id`, `choice_id`, `severity`, `gap_definition`, `recommendation_text`, `created_at`, `updated_at`) VALUES (110,147,'moderate',NULL,'Moderate action: formalize the plan, timeline, and accountability to create a structured return-to-work process with accommodation review and manager guidance.','2026-06-04 00:43:19','2026-06-10 10:54:39');
INSERT INTO `question_choice_recommendations` (`id`, `choice_id`, `severity`, `gap_definition`, `recommendation_text`, `created_at`, `updated_at`) VALUES (111,148,'critical',NULL,'Critical action: start immediately and assign an owner to create a structured return-to-work process with accommodation review and manager guidance.','2026-06-04 00:43:19','2026-06-10 10:54:39');
INSERT INTO `question_choice_recommendations` (`id`, `choice_id`, `severity`, `gap_definition`, `recommendation_text`, `created_at`, `updated_at`) VALUES (112,150,'low',NULL,'Optional improvement: strengthen documentation and monitoring to measure psychological safety for PWD employees and respond to concerns through accountable action plans.','2026-06-04 00:43:19','2026-06-10 10:54:39');
INSERT INTO `question_choice_recommendations` (`id`, `choice_id`, `severity`, `gap_definition`, `recommendation_text`, `created_at`, `updated_at`) VALUES (113,151,'moderate',NULL,'Moderate action: formalize the plan, timeline, and accountability to measure psychological safety for PWD employees and respond to concerns through accountable action plans.','2026-06-04 00:43:19','2026-06-10 10:54:39');
INSERT INTO `question_choice_recommendations` (`id`, `choice_id`, `severity`, `gap_definition`, `recommendation_text`, `created_at`, `updated_at`) VALUES (114,152,'critical',NULL,'Critical action: start immediately and assign an owner to measure psychological safety for PWD employees and respond to concerns through accountable action plans.','2026-06-04 00:43:19','2026-06-10 10:54:39');
INSERT INTO `question_choice_recommendations` (`id`, `choice_id`, `severity`, `gap_definition`, `recommendation_text`, `created_at`, `updated_at`) VALUES (115,154,'low',NULL,'Optional improvement: strengthen documentation and monitoring to review team events and social activities for accessibility before scheduling.','2026-06-04 00:43:19','2026-06-10 10:54:39');
INSERT INTO `question_choice_recommendations` (`id`, `choice_id`, `severity`, `gap_definition`, `recommendation_text`, `created_at`, `updated_at`) VALUES (116,155,'moderate',NULL,'Moderate action: formalize the plan, timeline, and accountability to review team events and social activities for accessibility before scheduling.','2026-06-04 00:43:19','2026-06-10 10:54:39');
INSERT INTO `question_choice_recommendations` (`id`, `choice_id`, `severity`, `gap_definition`, `recommendation_text`, `created_at`, `updated_at`) VALUES (117,156,'critical',NULL,'Critical action: start immediately and assign an owner to review team events and social activities for accessibility before scheduling.','2026-06-04 00:43:19','2026-06-10 10:54:39');
INSERT INTO `question_choice_recommendations` (`id`, `choice_id`, `severity`, `gap_definition`, `recommendation_text`, `created_at`, `updated_at`) VALUES (118,158,'low',NULL,'Optional improvement: strengthen documentation and monitoring to assign executive ownership and metrics for long-term PWD retention.','2026-06-04 00:43:19','2026-06-10 10:54:39');
INSERT INTO `question_choice_recommendations` (`id`, `choice_id`, `severity`, `gap_definition`, `recommendation_text`, `created_at`, `updated_at`) VALUES (119,159,'moderate',NULL,'Moderate action: formalize the plan, timeline, and accountability to assign executive ownership and metrics for long-term PWD retention.','2026-06-04 00:43:19','2026-06-10 10:54:39');
INSERT INTO `question_choice_recommendations` (`id`, `choice_id`, `severity`, `gap_definition`, `recommendation_text`, `created_at`, `updated_at`) VALUES (120,160,'critical',NULL,'Critical action: start immediately and assign an owner to assign executive ownership and metrics for long-term PWD retention.','2026-06-04 00:43:19','2026-06-10 10:54:39');
INSERT INTO `question_choice_recommendations` (`id`, `choice_id`, `severity`, `gap_definition`, `recommendation_text`, `created_at`, `updated_at`) VALUES (121,162,'low',NULL,'Optional improvement: strengthen documentation and monitoring to make senior leadership commitment to disability inclusion visible through regular actions and communications.','2026-06-04 00:43:19','2026-06-10 10:54:39');
INSERT INTO `question_choice_recommendations` (`id`, `choice_id`, `severity`, `gap_definition`, `recommendation_text`, `created_at`, `updated_at`) VALUES (122,163,'moderate',NULL,'Moderate action: formalize the plan, timeline, and accountability to make senior leadership commitment to disability inclusion visible through regular actions and communications.','2026-06-04 00:43:19','2026-06-10 10:54:39');
INSERT INTO `question_choice_recommendations` (`id`, `choice_id`, `severity`, `gap_definition`, `recommendation_text`, `created_at`, `updated_at`) VALUES (123,164,'critical',NULL,'Critical action: start immediately and assign an owner to make senior leadership commitment to disability inclusion visible through regular actions and communications.','2026-06-04 00:43:19','2026-06-10 10:54:39');
INSERT INTO `question_choice_recommendations` (`id`, `choice_id`, `severity`, `gap_definition`, `recommendation_text`, `created_at`, `updated_at`) VALUES (124,166,'low',NULL,'Optional improvement: strengthen documentation and monitoring to create or strengthen a disability-specific inclusion policy with named accountability.','2026-06-04 00:43:19','2026-06-10 10:54:39');
INSERT INTO `question_choice_recommendations` (`id`, `choice_id`, `severity`, `gap_definition`, `recommendation_text`, `created_at`, `updated_at`) VALUES (125,167,'moderate',NULL,'Moderate action: formalize the plan, timeline, and accountability to create or strengthen a disability-specific inclusion policy with named accountability.','2026-06-04 00:43:19','2026-06-10 10:54:39');
INSERT INTO `question_choice_recommendations` (`id`, `choice_id`, `severity`, `gap_definition`, `recommendation_text`, `created_at`, `updated_at`) VALUES (126,168,'critical',NULL,'Critical action: start immediately and assign an owner to create or strengthen a disability-specific inclusion policy with named accountability.','2026-06-04 00:43:19','2026-06-10 10:54:39');
INSERT INTO `question_choice_recommendations` (`id`, `choice_id`, `severity`, `gap_definition`, `recommendation_text`, `created_at`, `updated_at`) VALUES (127,170,'low',NULL,'Optional improvement: strengthen documentation and monitoring to publish an inclusive language guide and train managers to address non-inclusive language.','2026-06-04 00:43:19','2026-06-10 10:54:39');
INSERT INTO `question_choice_recommendations` (`id`, `choice_id`, `severity`, `gap_definition`, `recommendation_text`, `created_at`, `updated_at`) VALUES (128,171,'moderate',NULL,'Moderate action: formalize the plan, timeline, and accountability to publish an inclusive language guide and train managers to address non-inclusive language.','2026-06-04 00:43:19','2026-06-10 10:54:39');
INSERT INTO `question_choice_recommendations` (`id`, `choice_id`, `severity`, `gap_definition`, `recommendation_text`, `created_at`, `updated_at`) VALUES (129,172,'critical',NULL,'Critical action: start immediately and assign an owner to publish an inclusive language guide and train managers to address non-inclusive language.','2026-06-04 00:43:19','2026-06-10 10:54:39');
INSERT INTO `question_choice_recommendations` (`id`, `choice_id`, `severity`, `gap_definition`, `recommendation_text`, `created_at`, `updated_at`) VALUES (130,174,'low',NULL,'Optional improvement: strengthen documentation and monitoring to roll out recurring disability awareness training and track completion.','2026-06-04 00:43:19','2026-06-10 10:54:39');
INSERT INTO `question_choice_recommendations` (`id`, `choice_id`, `severity`, `gap_definition`, `recommendation_text`, `created_at`, `updated_at`) VALUES (131,175,'moderate',NULL,'Moderate action: formalize the plan, timeline, and accountability to roll out recurring disability awareness training and track completion.','2026-06-04 00:43:19','2026-06-10 10:54:39');
INSERT INTO `question_choice_recommendations` (`id`, `choice_id`, `severity`, `gap_definition`, `recommendation_text`, `created_at`, `updated_at`) VALUES (132,176,'critical',NULL,'Critical action: start immediately and assign an owner to roll out recurring disability awareness training and track completion.','2026-06-04 00:43:19','2026-06-10 10:54:39');
INSERT INTO `question_choice_recommendations` (`id`, `choice_id`, `severity`, `gap_definition`, `recommendation_text`, `created_at`, `updated_at`) VALUES (133,178,'low',NULL,'Optional improvement: strengthen documentation and monitoring to establish or strengthen a PWD employee resource group with sponsorship, budget, and programming.','2026-06-04 00:43:19','2026-06-10 10:54:39');
INSERT INTO `question_choice_recommendations` (`id`, `choice_id`, `severity`, `gap_definition`, `recommendation_text`, `created_at`, `updated_at`) VALUES (134,179,'moderate',NULL,'Moderate action: formalize the plan, timeline, and accountability to establish or strengthen a PWD employee resource group with sponsorship, budget, and programming.','2026-06-04 00:43:19','2026-06-10 10:54:39');
INSERT INTO `question_choice_recommendations` (`id`, `choice_id`, `severity`, `gap_definition`, `recommendation_text`, `created_at`, `updated_at`) VALUES (135,180,'critical',NULL,'Critical action: start immediately and assign an owner to establish or strengthen a PWD employee resource group with sponsorship, budget, and programming.','2026-06-04 00:43:19','2026-06-10 10:54:39');
INSERT INTO `question_choice_recommendations` (`id`, `choice_id`, `severity`, `gap_definition`, `recommendation_text`, `created_at`, `updated_at`) VALUES (136,182,'low',NULL,'Optional improvement: strengthen documentation and monitoring to plan and resource disability awareness programming with measurable outcomes.','2026-06-04 00:43:19','2026-06-10 10:54:39');
INSERT INTO `question_choice_recommendations` (`id`, `choice_id`, `severity`, `gap_definition`, `recommendation_text`, `created_at`, `updated_at`) VALUES (137,183,'moderate',NULL,'Moderate action: formalize the plan, timeline, and accountability to plan and resource disability awareness programming with measurable outcomes.','2026-06-04 00:43:19','2026-06-10 10:54:39');
INSERT INTO `question_choice_recommendations` (`id`, `choice_id`, `severity`, `gap_definition`, `recommendation_text`, `created_at`, `updated_at`) VALUES (138,184,'critical',NULL,'Critical action: start immediately and assign an owner to plan and resource disability awareness programming with measurable outcomes.','2026-06-04 00:43:19','2026-06-10 10:54:39');
INSERT INTO `question_choice_recommendations` (`id`, `choice_id`, `severity`, `gap_definition`, `recommendation_text`, `created_at`, `updated_at`) VALUES (139,186,'low',NULL,'Optional improvement: strengthen documentation and monitoring to collect PWD-specific culture feedback and convert findings into tracked action plans.','2026-06-04 00:43:19','2026-06-10 10:54:39');
INSERT INTO `question_choice_recommendations` (`id`, `choice_id`, `severity`, `gap_definition`, `recommendation_text`, `created_at`, `updated_at`) VALUES (140,187,'moderate',NULL,'Moderate action: formalize the plan, timeline, and accountability to collect PWD-specific culture feedback and convert findings into tracked action plans.','2026-06-04 00:43:19','2026-06-10 10:54:39');
INSERT INTO `question_choice_recommendations` (`id`, `choice_id`, `severity`, `gap_definition`, `recommendation_text`, `created_at`, `updated_at`) VALUES (141,188,'critical',NULL,'Critical action: start immediately and assign an owner to collect PWD-specific culture feedback and convert findings into tracked action plans.','2026-06-04 00:43:19','2026-06-10 10:54:39');
INSERT INTO `question_choice_recommendations` (`id`, `choice_id`, `severity`, `gap_definition`, `recommendation_text`, `created_at`, `updated_at`) VALUES (142,190,'low',NULL,'Optional improvement: strengthen documentation and monitoring to extend disability inclusion standards into supplier and partner selection or engagement practices.','2026-06-04 00:43:19','2026-06-10 10:54:39');
INSERT INTO `question_choice_recommendations` (`id`, `choice_id`, `severity`, `gap_definition`, `recommendation_text`, `created_at`, `updated_at`) VALUES (143,191,'moderate',NULL,'Moderate action: formalize the plan, timeline, and accountability to extend disability inclusion standards into supplier and partner selection or engagement practices.','2026-06-04 00:43:19','2026-06-10 10:54:39');
INSERT INTO `question_choice_recommendations` (`id`, `choice_id`, `severity`, `gap_definition`, `recommendation_text`, `created_at`, `updated_at`) VALUES (144,192,'critical',NULL,'Critical action: start immediately and assign an owner to extend disability inclusion standards into supplier and partner selection or engagement practices.','2026-06-04 00:43:19','2026-06-10 10:54:39');
INSERT INTO `question_choice_recommendations` (`id`, `choice_id`, `severity`, `gap_definition`, `recommendation_text`, `created_at`, `updated_at`) VALUES (145,194,'low',NULL,'Optional improvement: strengthen documentation and monitoring to recognize PWD employee contributions with consent and include disability inclusion in recognition programs.','2026-06-04 00:43:19','2026-06-10 10:54:39');
INSERT INTO `question_choice_recommendations` (`id`, `choice_id`, `severity`, `gap_definition`, `recommendation_text`, `created_at`, `updated_at`) VALUES (146,195,'moderate',NULL,'Moderate action: formalize the plan, timeline, and accountability to recognize PWD employee contributions with consent and include disability inclusion in recognition programs.','2026-06-04 00:43:19','2026-06-10 10:54:39');
INSERT INTO `question_choice_recommendations` (`id`, `choice_id`, `severity`, `gap_definition`, `recommendation_text`, `created_at`, `updated_at`) VALUES (147,196,'critical',NULL,'Critical action: start immediately and assign an owner to recognize PWD employee contributions with consent and include disability inclusion in recognition programs.','2026-06-04 00:43:19','2026-06-10 10:54:39');
INSERT INTO `question_choice_recommendations` (`id`, `choice_id`, `severity`, `gap_definition`, `recommendation_text`, `created_at`, `updated_at`) VALUES (148,198,'low',NULL,'Optional improvement: strengthen documentation and monitoring to measure disability inclusion culture using a structured tool and maintain an annual improvement plan.','2026-06-04 00:43:19','2026-06-10 10:54:39');
INSERT INTO `question_choice_recommendations` (`id`, `choice_id`, `severity`, `gap_definition`, `recommendation_text`, `created_at`, `updated_at`) VALUES (149,199,'moderate',NULL,'Moderate action: formalize the plan, timeline, and accountability to measure disability inclusion culture using a structured tool and maintain an annual improvement plan.','2026-06-04 00:43:19','2026-06-10 10:54:39');
INSERT INTO `question_choice_recommendations` (`id`, `choice_id`, `severity`, `gap_definition`, `recommendation_text`, `created_at`, `updated_at`) VALUES (150,200,'critical',NULL,'Critical action: start immediately and assign an owner to measure disability inclusion culture using a structured tool and maintain an annual improvement plan.','2026-06-04 00:43:19','2026-06-10 10:54:39');
INSERT INTO `question_choice_recommendations` (`id`, `choice_id`, `severity`, `gap_definition`, `recommendation_text`, `created_at`, `updated_at`) VALUES (181,285,'critical',NULL,'Critical action: start immediately and assign an owner to create a pre-boarding checklist for PWD new hires covering workspace, tools, access needs, and support contacts.','2026-06-04 00:43:19','2026-06-10 10:54:39');
INSERT INTO `question_choice_recommendations` (`id`, `choice_id`, `severity`, `gap_definition`, `recommendation_text`, `created_at`, `updated_at`) VALUES (182,286,'moderate',NULL,'Moderate action: formalize the plan, timeline, and accountability to create a pre-boarding checklist for PWD new hires covering workspace, tools, access needs, and support contacts.','2026-06-04 00:43:19','2026-06-10 10:54:39');
INSERT INTO `question_choice_recommendations` (`id`, `choice_id`, `severity`, `gap_definition`, `recommendation_text`, `created_at`, `updated_at`) VALUES (183,287,'low',NULL,'Optional improvement: strengthen documentation and monitoring to create a pre-boarding checklist for PWD new hires covering workspace, tools, access needs, and support contacts.','2026-06-04 00:43:19','2026-06-10 10:54:39');
INSERT INTO `question_choice_recommendations` (`id`, `choice_id`, `severity`, `gap_definition`, `recommendation_text`, `created_at`, `updated_at`) VALUES (184,292,'critical',NULL,'Critical action: start immediately and assign an owner to convert orientation and onboarding materials into accessible, screen-reader-ready, and captioned formats.','2026-06-04 00:43:19','2026-06-10 10:54:39');
INSERT INTO `question_choice_recommendations` (`id`, `choice_id`, `severity`, `gap_definition`, `recommendation_text`, `created_at`, `updated_at`) VALUES (185,293,'moderate',NULL,'Moderate action: formalize the plan, timeline, and accountability to convert orientation and onboarding materials into accessible, screen-reader-ready, and captioned formats.','2026-06-04 00:43:19','2026-06-10 10:54:39');
INSERT INTO `question_choice_recommendations` (`id`, `choice_id`, `severity`, `gap_definition`, `recommendation_text`, `created_at`, `updated_at`) VALUES (186,294,'low',NULL,'Optional improvement: strengthen documentation and monitoring to convert orientation and onboarding materials into accessible, screen-reader-ready, and captioned formats.','2026-06-04 00:43:19','2026-06-10 10:54:39');
INSERT INTO `question_choice_recommendations` (`id`, `choice_id`, `severity`, `gap_definition`, `recommendation_text`, `created_at`, `updated_at`) VALUES (187,299,'critical',NULL,'Critical action: start immediately and assign an owner to assign trained buddies or mentors and schedule structured check-ins during the onboarding period.','2026-06-04 00:43:19','2026-06-10 10:54:39');
INSERT INTO `question_choice_recommendations` (`id`, `choice_id`, `severity`, `gap_definition`, `recommendation_text`, `created_at`, `updated_at`) VALUES (188,300,'moderate',NULL,'Moderate action: formalize the plan, timeline, and accountability to assign trained buddies or mentors and schedule structured check-ins during the onboarding period.','2026-06-04 00:43:19','2026-06-10 10:54:39');
INSERT INTO `question_choice_recommendations` (`id`, `choice_id`, `severity`, `gap_definition`, `recommendation_text`, `created_at`, `updated_at`) VALUES (189,301,'low',NULL,'Optional improvement: strengthen documentation and monitoring to assign trained buddies or mentors and schedule structured check-ins during the onboarding period.','2026-06-04 00:43:19','2026-06-10 10:54:39');
INSERT INTO `question_choice_recommendations` (`id`, `choice_id`, `severity`, `gap_definition`, `recommendation_text`, `created_at`, `updated_at`) VALUES (190,306,'critical',NULL,'Critical action: start immediately and assign an owner to define accommodation response timelines and a clear owner for requests raised during onboarding.','2026-06-04 00:43:19','2026-06-10 10:54:39');
INSERT INTO `question_choice_recommendations` (`id`, `choice_id`, `severity`, `gap_definition`, `recommendation_text`, `created_at`, `updated_at`) VALUES (191,307,'moderate',NULL,'Moderate action: formalize the plan, timeline, and accountability to define accommodation response timelines and a clear owner for requests raised during onboarding.','2026-06-04 00:43:19','2026-06-10 10:54:39');
INSERT INTO `question_choice_recommendations` (`id`, `choice_id`, `severity`, `gap_definition`, `recommendation_text`, `created_at`, `updated_at`) VALUES (192,308,'low',NULL,'Optional improvement: strengthen documentation and monitoring to define accommodation response timelines and a clear owner for requests raised during onboarding.','2026-06-04 00:43:19','2026-06-10 10:54:39');
INSERT INTO `question_choice_recommendations` (`id`, `choice_id`, `severity`, `gap_definition`, `recommendation_text`, `created_at`, `updated_at`) VALUES (193,320,'critical',NULL,'Critical action: start immediately and assign an owner to train managers before onboarding employees with disabilities and document completion.','2026-06-04 00:43:19','2026-06-10 10:54:39');
INSERT INTO `question_choice_recommendations` (`id`, `choice_id`, `severity`, `gap_definition`, `recommendation_text`, `created_at`, `updated_at`) VALUES (194,321,'moderate',NULL,'Moderate action: formalize the plan, timeline, and accountability to train managers before onboarding employees with disabilities and document completion.','2026-06-04 00:43:19','2026-06-10 10:54:39');
INSERT INTO `question_choice_recommendations` (`id`, `choice_id`, `severity`, `gap_definition`, `recommendation_text`, `created_at`, `updated_at`) VALUES (195,322,'low',NULL,'Optional improvement: strengthen documentation and monitoring to train managers before onboarding employees with disabilities and document completion.','2026-06-04 00:43:19','2026-06-10 10:54:39');
INSERT INTO `question_choice_recommendations` (`id`, `choice_id`, `severity`, `gap_definition`, `recommendation_text`, `created_at`, `updated_at`) VALUES (196,327,'critical',NULL,'Critical action: start immediately and assign an owner to use written 30-60-90 day plans that account for role expectations and any needed adjustments.','2026-06-04 00:43:19','2026-06-10 10:54:39');
INSERT INTO `question_choice_recommendations` (`id`, `choice_id`, `severity`, `gap_definition`, `recommendation_text`, `created_at`, `updated_at`) VALUES (197,328,'moderate',NULL,'Moderate action: formalize the plan, timeline, and accountability to use written 30-60-90 day plans that account for role expectations and any needed adjustments.','2026-06-04 00:43:19','2026-06-10 10:54:39');
INSERT INTO `question_choice_recommendations` (`id`, `choice_id`, `severity`, `gap_definition`, `recommendation_text`, `created_at`, `updated_at`) VALUES (198,329,'low',NULL,'Optional improvement: strengthen documentation and monitoring to use written 30-60-90 day plans that account for role expectations and any needed adjustments.','2026-06-04 00:43:19','2026-06-10 10:54:39');
INSERT INTO `question_choice_recommendations` (`id`, `choice_id`, `severity`, `gap_definition`, `recommendation_text`, `created_at`, `updated_at`) VALUES (199,334,'critical',NULL,'Critical action: start immediately and assign an owner to provide personalized physical workplace orientation, including accessible routes and emergency procedures.','2026-06-04 00:43:19','2026-06-10 10:54:39');
INSERT INTO `question_choice_recommendations` (`id`, `choice_id`, `severity`, `gap_definition`, `recommendation_text`, `created_at`, `updated_at`) VALUES (200,335,'moderate',NULL,'Moderate action: formalize the plan, timeline, and accountability to provide personalized physical workplace orientation, including accessible routes and emergency procedures.','2026-06-04 00:43:19','2026-06-10 10:54:39');
INSERT INTO `question_choice_recommendations` (`id`, `choice_id`, `severity`, `gap_definition`, `recommendation_text`, `created_at`, `updated_at`) VALUES (201,336,'low',NULL,'Optional improvement: strengthen documentation and monitoring to provide personalized physical workplace orientation, including accessible routes and emergency procedures.','2026-06-04 00:43:19','2026-06-10 10:54:39');
INSERT INTO `question_choice_recommendations` (`id`, `choice_id`, `severity`, `gap_definition`, `recommendation_text`, `created_at`, `updated_at`) VALUES (202,341,'critical',NULL,'Critical action: start immediately and assign an owner to confirm digital tools and accessibility settings are ready before the employee starts.','2026-06-04 00:43:19','2026-06-10 10:54:39');
INSERT INTO `question_choice_recommendations` (`id`, `choice_id`, `severity`, `gap_definition`, `recommendation_text`, `created_at`, `updated_at`) VALUES (203,342,'moderate',NULL,'Moderate action: formalize the plan, timeline, and accountability to confirm digital tools and accessibility settings are ready before the employee starts.','2026-06-04 00:43:19','2026-06-10 10:54:39');
INSERT INTO `question_choice_recommendations` (`id`, `choice_id`, `severity`, `gap_definition`, `recommendation_text`, `created_at`, `updated_at`) VALUES (204,343,'low',NULL,'Optional improvement: strengthen documentation and monitoring to confirm digital tools and accessibility settings are ready before the employee starts.','2026-06-04 00:43:19','2026-06-10 10:54:39');
INSERT INTO `question_choice_recommendations` (`id`, `choice_id`, `severity`, `gap_definition`, `recommendation_text`, `created_at`, `updated_at`) VALUES (205,348,'critical',NULL,'Critical action: start immediately and assign an owner to use an inclusive team introduction protocol agreed with the new hire in advance.','2026-06-04 00:43:19','2026-06-10 10:54:39');
INSERT INTO `question_choice_recommendations` (`id`, `choice_id`, `severity`, `gap_definition`, `recommendation_text`, `created_at`, `updated_at`) VALUES (206,349,'moderate',NULL,'Moderate action: formalize the plan, timeline, and accountability to use an inclusive team introduction protocol agreed with the new hire in advance.','2026-06-04 00:43:19','2026-06-10 10:54:39');
INSERT INTO `question_choice_recommendations` (`id`, `choice_id`, `severity`, `gap_definition`, `recommendation_text`, `created_at`, `updated_at`) VALUES (207,350,'low',NULL,'Optional improvement: strengthen documentation and monitoring to use an inclusive team introduction protocol agreed with the new hire in advance.','2026-06-04 00:43:19','2026-06-10 10:54:39');
INSERT INTO `question_choice_recommendations` (`id`, `choice_id`, `severity`, `gap_definition`, `recommendation_text`, `created_at`, `updated_at`) VALUES (208,355,'critical',NULL,'Critical action: start immediately and assign an owner to schedule onboarding experience check-ins and document follow-up actions for PWD new hires.','2026-06-04 00:43:19','2026-06-10 10:54:39');
INSERT INTO `question_choice_recommendations` (`id`, `choice_id`, `severity`, `gap_definition`, `recommendation_text`, `created_at`, `updated_at`) VALUES (209,356,'moderate',NULL,'Moderate action: formalize the plan, timeline, and accountability to schedule onboarding experience check-ins and document follow-up actions for PWD new hires.','2026-06-04 00:43:19','2026-06-10 10:54:39');
INSERT INTO `question_choice_recommendations` (`id`, `choice_id`, `severity`, `gap_definition`, `recommendation_text`, `created_at`, `updated_at`) VALUES (210,357,'low',NULL,'Optional improvement: strengthen documentation and monitoring to schedule onboarding experience check-ins and document follow-up actions for PWD new hires.','2026-06-04 00:43:19','2026-06-10 10:54:39');
INSERT INTO `question_choice_recommendations` (`id`, `choice_id`, `severity`, `gap_definition`, `recommendation_text`, `created_at`, `updated_at`) VALUES (211,362,'critical',NULL,'Critical action: start immediately and assign an owner to publish and communicate a written accommodation policy that is easy for employees to access.','2026-06-04 00:43:19','2026-06-10 10:54:39');
INSERT INTO `question_choice_recommendations` (`id`, `choice_id`, `severity`, `gap_definition`, `recommendation_text`, `created_at`, `updated_at`) VALUES (212,363,'moderate',NULL,'Moderate action: formalize the plan, timeline, and accountability to publish and communicate a written accommodation policy that is easy for employees to access.','2026-06-04 00:43:19','2026-06-10 10:54:39');
INSERT INTO `question_choice_recommendations` (`id`, `choice_id`, `severity`, `gap_definition`, `recommendation_text`, `created_at`, `updated_at`) VALUES (213,364,'low',NULL,'Optional improvement: strengthen documentation and monitoring to publish and communicate a written accommodation policy that is easy for employees to access.','2026-06-04 00:43:19','2026-06-10 10:54:39');
INSERT INTO `question_choice_recommendations` (`id`, `choice_id`, `severity`, `gap_definition`, `recommendation_text`, `created_at`, `updated_at`) VALUES (214,369,'critical',NULL,'Critical action: start immediately and assign an owner to document the accommodation request process with clear steps, contacts, and expected timelines.','2026-06-04 00:43:19','2026-06-10 10:54:39');
INSERT INTO `question_choice_recommendations` (`id`, `choice_id`, `severity`, `gap_definition`, `recommendation_text`, `created_at`, `updated_at`) VALUES (215,370,'moderate',NULL,'Moderate action: formalize the plan, timeline, and accountability to document the accommodation request process with clear steps, contacts, and expected timelines.','2026-06-04 00:43:19','2026-06-10 10:54:39');
INSERT INTO `question_choice_recommendations` (`id`, `choice_id`, `severity`, `gap_definition`, `recommendation_text`, `created_at`, `updated_at`) VALUES (216,371,'low',NULL,'Optional improvement: strengthen documentation and monitoring to document the accommodation request process with clear steps, contacts, and expected timelines.','2026-06-04 00:43:19','2026-06-10 10:54:39');
INSERT INTO `question_choice_recommendations` (`id`, `choice_id`, `severity`, `gap_definition`, `recommendation_text`, `created_at`, `updated_at`) VALUES (217,376,'critical',NULL,'Critical action: start immediately and assign an owner to track accommodation response times and set service-level expectations for resolution.','2026-06-04 00:43:19','2026-06-10 10:54:39');
INSERT INTO `question_choice_recommendations` (`id`, `choice_id`, `severity`, `gap_definition`, `recommendation_text`, `created_at`, `updated_at`) VALUES (218,377,'moderate',NULL,'Moderate action: formalize the plan, timeline, and accountability to track accommodation response times and set service-level expectations for resolution.','2026-06-04 00:43:19','2026-06-10 10:54:39');
INSERT INTO `question_choice_recommendations` (`id`, `choice_id`, `severity`, `gap_definition`, `recommendation_text`, `created_at`, `updated_at`) VALUES (219,378,'low',NULL,'Optional improvement: strengthen documentation and monitoring to track accommodation response times and set service-level expectations for resolution.','2026-06-04 00:43:19','2026-06-10 10:54:39');
INSERT INTO `question_choice_recommendations` (`id`, `choice_id`, `severity`, `gap_definition`, `recommendation_text`, `created_at`, `updated_at`) VALUES (220,383,'critical',NULL,'Critical action: start immediately and assign an owner to train managers on receiving, documenting, and acting on accommodation requests without bias.','2026-06-04 00:43:19','2026-06-10 10:54:39');
INSERT INTO `question_choice_recommendations` (`id`, `choice_id`, `severity`, `gap_definition`, `recommendation_text`, `created_at`, `updated_at`) VALUES (221,384,'moderate',NULL,'Moderate action: formalize the plan, timeline, and accountability to train managers on receiving, documenting, and acting on accommodation requests without bias.','2026-06-04 00:43:19','2026-06-10 10:54:39');
INSERT INTO `question_choice_recommendations` (`id`, `choice_id`, `severity`, `gap_definition`, `recommendation_text`, `created_at`, `updated_at`) VALUES (222,385,'low',NULL,'Optional improvement: strengthen documentation and monitoring to train managers on receiving, documenting, and acting on accommodation requests without bias.','2026-06-04 00:43:19','2026-06-10 10:54:39');
INSERT INTO `question_choice_recommendations` (`id`, `choice_id`, `severity`, `gap_definition`, `recommendation_text`, `created_at`, `updated_at`) VALUES (223,390,'critical',NULL,'Critical action: start immediately and assign an owner to assess physical accessibility gaps and maintain a remediation plan for office spaces.','2026-06-04 00:43:19','2026-06-10 10:54:39');
INSERT INTO `question_choice_recommendations` (`id`, `choice_id`, `severity`, `gap_definition`, `recommendation_text`, `created_at`, `updated_at`) VALUES (224,391,'moderate',NULL,'Moderate action: formalize the plan, timeline, and accountability to assess physical accessibility gaps and maintain a remediation plan for office spaces.','2026-06-04 00:43:19','2026-06-10 10:54:39');
INSERT INTO `question_choice_recommendations` (`id`, `choice_id`, `severity`, `gap_definition`, `recommendation_text`, `created_at`, `updated_at`) VALUES (225,392,'low',NULL,'Optional improvement: strengthen documentation and monitoring to assess physical accessibility gaps and maintain a remediation plan for office spaces.','2026-06-04 00:43:19','2026-06-10 10:54:39');
INSERT INTO `question_choice_recommendations` (`id`, `choice_id`, `severity`, `gap_definition`, `recommendation_text`, `created_at`, `updated_at`) VALUES (226,397,'critical',NULL,'Critical action: start immediately and assign an owner to audit core digital tools against accessibility standards and prioritize remediation.','2026-06-04 00:43:19','2026-06-10 10:54:39');
INSERT INTO `question_choice_recommendations` (`id`, `choice_id`, `severity`, `gap_definition`, `recommendation_text`, `created_at`, `updated_at`) VALUES (227,398,'moderate',NULL,'Moderate action: formalize the plan, timeline, and accountability to audit core digital tools against accessibility standards and prioritize remediation.','2026-06-04 00:43:19','2026-06-10 10:54:39');
INSERT INTO `question_choice_recommendations` (`id`, `choice_id`, `severity`, `gap_definition`, `recommendation_text`, `created_at`, `updated_at`) VALUES (228,399,'low',NULL,'Optional improvement: strengthen documentation and monitoring to audit core digital tools against accessibility standards and prioritize remediation.','2026-06-04 00:43:19','2026-06-10 10:54:39');
INSERT INTO `question_choice_recommendations` (`id`, `choice_id`, `severity`, `gap_definition`, `recommendation_text`, `created_at`, `updated_at`) VALUES (229,404,'critical',NULL,'Critical action: start immediately and assign an owner to create a clear assistive technology request, approval, procurement, and setup process.','2026-06-04 00:43:19','2026-06-10 10:54:39');
INSERT INTO `question_choice_recommendations` (`id`, `choice_id`, `severity`, `gap_definition`, `recommendation_text`, `created_at`, `updated_at`) VALUES (230,405,'moderate',NULL,'Moderate action: formalize the plan, timeline, and accountability to create a clear assistive technology request, approval, procurement, and setup process.','2026-06-04 00:43:19','2026-06-10 10:54:39');
INSERT INTO `question_choice_recommendations` (`id`, `choice_id`, `severity`, `gap_definition`, `recommendation_text`, `created_at`, `updated_at`) VALUES (231,406,'low',NULL,'Optional improvement: strengthen documentation and monitoring to create a clear assistive technology request, approval, procurement, and setup process.','2026-06-04 00:43:19','2026-06-10 10:54:39');
INSERT INTO `question_choice_recommendations` (`id`, `choice_id`, `severity`, `gap_definition`, `recommendation_text`, `created_at`, `updated_at`) VALUES (232,411,'critical',NULL,'Critical action: start immediately and assign an owner to recognize flexible and remote work as formal accommodation options where role-compatible.','2026-06-04 00:43:19','2026-06-10 10:54:39');
INSERT INTO `question_choice_recommendations` (`id`, `choice_id`, `severity`, `gap_definition`, `recommendation_text`, `created_at`, `updated_at`) VALUES (233,412,'moderate',NULL,'Moderate action: formalize the plan, timeline, and accountability to recognize flexible and remote work as formal accommodation options where role-compatible.','2026-06-04 00:43:19','2026-06-10 10:54:39');
INSERT INTO `question_choice_recommendations` (`id`, `choice_id`, `severity`, `gap_definition`, `recommendation_text`, `created_at`, `updated_at`) VALUES (234,413,'low',NULL,'Optional improvement: strengthen documentation and monitoring to recognize flexible and remote work as formal accommodation options where role-compatible.','2026-06-04 00:43:19','2026-06-10 10:54:39');
INSERT INTO `question_choice_recommendations` (`id`, `choice_id`, `severity`, `gap_definition`, `recommendation_text`, `created_at`, `updated_at`) VALUES (235,418,'critical',NULL,'Critical action: start immediately and assign an owner to document confidentiality protocols for disability disclosure and accommodation requests.','2026-06-04 00:43:19','2026-06-10 10:54:39');
INSERT INTO `question_choice_recommendations` (`id`, `choice_id`, `severity`, `gap_definition`, `recommendation_text`, `created_at`, `updated_at`) VALUES (236,419,'moderate',NULL,'Moderate action: formalize the plan, timeline, and accountability to document confidentiality protocols for disability disclosure and accommodation requests.','2026-06-04 00:43:19','2026-06-10 10:54:39');
INSERT INTO `question_choice_recommendations` (`id`, `choice_id`, `severity`, `gap_definition`, `recommendation_text`, `created_at`, `updated_at`) VALUES (237,420,'low',NULL,'Optional improvement: strengthen documentation and monitoring to document confidentiality protocols for disability disclosure and accommodation requests.','2026-06-04 00:43:19','2026-06-10 10:54:39');
INSERT INTO `question_choice_recommendations` (`id`, `choice_id`, `severity`, `gap_definition`, `recommendation_text`, `created_at`, `updated_at`) VALUES (238,425,'critical',NULL,'Critical action: start immediately and assign an owner to review accommodations periodically with employees and update support as roles or needs change.','2026-06-04 00:43:19','2026-06-10 10:54:39');
INSERT INTO `question_choice_recommendations` (`id`, `choice_id`, `severity`, `gap_definition`, `recommendation_text`, `created_at`, `updated_at`) VALUES (239,426,'moderate',NULL,'Moderate action: formalize the plan, timeline, and accountability to review accommodations periodically with employees and update support as roles or needs change.','2026-06-04 00:43:19','2026-06-10 10:54:39');
INSERT INTO `question_choice_recommendations` (`id`, `choice_id`, `severity`, `gap_definition`, `recommendation_text`, `created_at`, `updated_at`) VALUES (240,427,'low',NULL,'Optional improvement: strengthen documentation and monitoring to review accommodations periodically with employees and update support as roles or needs change.','2026-06-04 00:43:19','2026-06-10 10:54:39');
INSERT INTO `question_choice_recommendations` (`id`, `choice_id`, `severity`, `gap_definition`, `recommendation_text`, `created_at`, `updated_at`) VALUES (241,432,'critical',NULL,'Critical action: start immediately and assign an owner to track PWD attrition against overall attrition and investigate gaps through a retention action plan.','2026-06-04 00:43:19','2026-06-10 10:54:39');
INSERT INTO `question_choice_recommendations` (`id`, `choice_id`, `severity`, `gap_definition`, `recommendation_text`, `created_at`, `updated_at`) VALUES (242,433,'moderate',NULL,'Moderate action: formalize the plan, timeline, and accountability to track PWD attrition against overall attrition and investigate gaps through a retention action plan.','2026-06-04 00:43:19','2026-06-10 10:54:39');
INSERT INTO `question_choice_recommendations` (`id`, `choice_id`, `severity`, `gap_definition`, `recommendation_text`, `created_at`, `updated_at`) VALUES (243,434,'low',NULL,'Optional improvement: strengthen documentation and monitoring to track PWD attrition against overall attrition and investigate gaps through a retention action plan.','2026-06-04 00:43:19','2026-06-10 10:54:39');
INSERT INTO `question_choice_recommendations` (`id`, `choice_id`, `severity`, `gap_definition`, `recommendation_text`, `created_at`, `updated_at`) VALUES (244,439,'critical',NULL,'Critical action: start immediately and assign an owner to monitor PWD participation in career development and remove barriers to equitable access.','2026-06-04 00:43:19','2026-06-10 10:54:39');
INSERT INTO `question_choice_recommendations` (`id`, `choice_id`, `severity`, `gap_definition`, `recommendation_text`, `created_at`, `updated_at`) VALUES (245,440,'moderate',NULL,'Moderate action: formalize the plan, timeline, and accountability to monitor PWD participation in career development and remove barriers to equitable access.','2026-06-04 00:43:19','2026-06-10 10:54:39');
INSERT INTO `question_choice_recommendations` (`id`, `choice_id`, `severity`, `gap_definition`, `recommendation_text`, `created_at`, `updated_at`) VALUES (246,441,'low',NULL,'Optional improvement: strengthen documentation and monitoring to monitor PWD participation in career development and remove barriers to equitable access.','2026-06-04 00:43:19','2026-06-10 10:54:39');
INSERT INTO `question_choice_recommendations` (`id`, `choice_id`, `severity`, `gap_definition`, `recommendation_text`, `created_at`, `updated_at`) VALUES (247,446,'critical',NULL,'Critical action: start immediately and assign an owner to analyze promotion equity for PWD employees and remediate any disparities found.','2026-06-04 00:43:19','2026-06-10 10:54:39');
INSERT INTO `question_choice_recommendations` (`id`, `choice_id`, `severity`, `gap_definition`, `recommendation_text`, `created_at`, `updated_at`) VALUES (248,447,'moderate',NULL,'Moderate action: formalize the plan, timeline, and accountability to analyze promotion equity for PWD employees and remediate any disparities found.','2026-06-04 00:43:19','2026-06-10 10:54:39');
INSERT INTO `question_choice_recommendations` (`id`, `choice_id`, `severity`, `gap_definition`, `recommendation_text`, `created_at`, `updated_at`) VALUES (249,448,'low',NULL,'Optional improvement: strengthen documentation and monitoring to analyze promotion equity for PWD employees and remediate any disparities found.','2026-06-04 00:43:19','2026-06-10 10:54:39');
INSERT INTO `question_choice_recommendations` (`id`, `choice_id`, `severity`, `gap_definition`, `recommendation_text`, `created_at`, `updated_at`) VALUES (250,453,'critical',NULL,'Critical action: start immediately and assign an owner to review performance management for disability-related bias and train managers on equitable evaluation.','2026-06-04 00:43:19','2026-06-10 10:54:39');
INSERT INTO `question_choice_recommendations` (`id`, `choice_id`, `severity`, `gap_definition`, `recommendation_text`, `created_at`, `updated_at`) VALUES (251,454,'moderate',NULL,'Moderate action: formalize the plan, timeline, and accountability to review performance management for disability-related bias and train managers on equitable evaluation.','2026-06-04 00:43:19','2026-06-10 10:54:39');
INSERT INTO `question_choice_recommendations` (`id`, `choice_id`, `severity`, `gap_definition`, `recommendation_text`, `created_at`, `updated_at`) VALUES (252,455,'low',NULL,'Optional improvement: strengthen documentation and monitoring to review performance management for disability-related bias and train managers on equitable evaluation.','2026-06-04 00:43:19','2026-06-10 10:54:39');
INSERT INTO `question_choice_recommendations` (`id`, `choice_id`, `severity`, `gap_definition`, `recommendation_text`, `created_at`, `updated_at`) VALUES (253,460,'critical',NULL,'Critical action: start immediately and assign an owner to make mentoring and sponsorship programs accessible and actively recruit PWD participants.','2026-06-04 00:43:19','2026-06-10 10:54:39');
INSERT INTO `question_choice_recommendations` (`id`, `choice_id`, `severity`, `gap_definition`, `recommendation_text`, `created_at`, `updated_at`) VALUES (254,461,'moderate',NULL,'Moderate action: formalize the plan, timeline, and accountability to make mentoring and sponsorship programs accessible and actively recruit PWD participants.','2026-06-04 00:43:19','2026-06-10 10:54:39');
INSERT INTO `question_choice_recommendations` (`id`, `choice_id`, `severity`, `gap_definition`, `recommendation_text`, `created_at`, `updated_at`) VALUES (255,462,'low',NULL,'Optional improvement: strengthen documentation and monitoring to make mentoring and sponsorship programs accessible and actively recruit PWD participants.','2026-06-04 00:43:19','2026-06-10 10:54:39');
INSERT INTO `question_choice_recommendations` (`id`, `choice_id`, `severity`, `gap_definition`, `recommendation_text`, `created_at`, `updated_at`) VALUES (256,467,'critical',NULL,'Critical action: start immediately and assign an owner to capture disability-related trends in exit interviews and use findings for retention interventions.','2026-06-04 00:43:19','2026-06-10 10:54:39');
INSERT INTO `question_choice_recommendations` (`id`, `choice_id`, `severity`, `gap_definition`, `recommendation_text`, `created_at`, `updated_at`) VALUES (257,468,'moderate',NULL,'Moderate action: formalize the plan, timeline, and accountability to capture disability-related trends in exit interviews and use findings for retention interventions.','2026-06-04 00:43:19','2026-06-10 10:54:39');
INSERT INTO `question_choice_recommendations` (`id`, `choice_id`, `severity`, `gap_definition`, `recommendation_text`, `created_at`, `updated_at`) VALUES (258,469,'low',NULL,'Optional improvement: strengthen documentation and monitoring to capture disability-related trends in exit interviews and use findings for retention interventions.','2026-06-04 00:43:19','2026-06-10 10:54:39');
INSERT INTO `question_choice_recommendations` (`id`, `choice_id`, `severity`, `gap_definition`, `recommendation_text`, `created_at`, `updated_at`) VALUES (259,474,'critical',NULL,'Critical action: start immediately and assign an owner to create a structured return-to-work process with accommodation review and manager guidance.','2026-06-04 00:43:19','2026-06-10 10:54:39');
INSERT INTO `question_choice_recommendations` (`id`, `choice_id`, `severity`, `gap_definition`, `recommendation_text`, `created_at`, `updated_at`) VALUES (260,475,'moderate',NULL,'Moderate action: formalize the plan, timeline, and accountability to create a structured return-to-work process with accommodation review and manager guidance.','2026-06-04 00:43:19','2026-06-10 10:54:39');
INSERT INTO `question_choice_recommendations` (`id`, `choice_id`, `severity`, `gap_definition`, `recommendation_text`, `created_at`, `updated_at`) VALUES (261,476,'low',NULL,'Optional improvement: strengthen documentation and monitoring to create a structured return-to-work process with accommodation review and manager guidance.','2026-06-04 00:43:19','2026-06-10 10:54:39');
INSERT INTO `question_choice_recommendations` (`id`, `choice_id`, `severity`, `gap_definition`, `recommendation_text`, `created_at`, `updated_at`) VALUES (262,481,'critical',NULL,'Critical action: start immediately and assign an owner to measure psychological safety for PWD employees and respond to concerns through accountable action plans.','2026-06-04 00:43:19','2026-06-10 10:54:39');
INSERT INTO `question_choice_recommendations` (`id`, `choice_id`, `severity`, `gap_definition`, `recommendation_text`, `created_at`, `updated_at`) VALUES (263,482,'moderate',NULL,'Moderate action: formalize the plan, timeline, and accountability to measure psychological safety for PWD employees and respond to concerns through accountable action plans.','2026-06-04 00:43:19','2026-06-10 10:54:39');
INSERT INTO `question_choice_recommendations` (`id`, `choice_id`, `severity`, `gap_definition`, `recommendation_text`, `created_at`, `updated_at`) VALUES (264,483,'low',NULL,'Optional improvement: strengthen documentation and monitoring to measure psychological safety for PWD employees and respond to concerns through accountable action plans.','2026-06-04 00:43:19','2026-06-10 10:54:39');
INSERT INTO `question_choice_recommendations` (`id`, `choice_id`, `severity`, `gap_definition`, `recommendation_text`, `created_at`, `updated_at`) VALUES (265,488,'critical',NULL,'Critical action: start immediately and assign an owner to review team events and social activities for accessibility before scheduling.','2026-06-04 00:43:19','2026-06-10 10:54:39');
INSERT INTO `question_choice_recommendations` (`id`, `choice_id`, `severity`, `gap_definition`, `recommendation_text`, `created_at`, `updated_at`) VALUES (266,489,'moderate',NULL,'Moderate action: formalize the plan, timeline, and accountability to review team events and social activities for accessibility before scheduling.','2026-06-04 00:43:19','2026-06-10 10:54:39');
INSERT INTO `question_choice_recommendations` (`id`, `choice_id`, `severity`, `gap_definition`, `recommendation_text`, `created_at`, `updated_at`) VALUES (267,490,'low',NULL,'Optional improvement: strengthen documentation and monitoring to review team events and social activities for accessibility before scheduling.','2026-06-04 00:43:19','2026-06-10 10:54:39');
INSERT INTO `question_choice_recommendations` (`id`, `choice_id`, `severity`, `gap_definition`, `recommendation_text`, `created_at`, `updated_at`) VALUES (268,495,'critical',NULL,'Critical action: start immediately and assign an owner to assign executive ownership and metrics for long-term PWD retention.','2026-06-04 00:43:19','2026-06-10 10:54:39');
INSERT INTO `question_choice_recommendations` (`id`, `choice_id`, `severity`, `gap_definition`, `recommendation_text`, `created_at`, `updated_at`) VALUES (269,496,'moderate',NULL,'Moderate action: formalize the plan, timeline, and accountability to assign executive ownership and metrics for long-term PWD retention.','2026-06-04 00:43:19','2026-06-10 10:54:39');
INSERT INTO `question_choice_recommendations` (`id`, `choice_id`, `severity`, `gap_definition`, `recommendation_text`, `created_at`, `updated_at`) VALUES (270,497,'low',NULL,'Optional improvement: strengthen documentation and monitoring to assign executive ownership and metrics for long-term PWD retention.','2026-06-04 00:43:19','2026-06-10 10:54:39');
INSERT INTO `question_choice_recommendations` (`id`, `choice_id`, `severity`, `gap_definition`, `recommendation_text`, `created_at`, `updated_at`) VALUES (271,502,'critical',NULL,'Critical action: start immediately and assign an owner to make senior leadership commitment to disability inclusion visible through regular actions and communications.','2026-06-04 00:43:19','2026-06-10 10:54:39');
INSERT INTO `question_choice_recommendations` (`id`, `choice_id`, `severity`, `gap_definition`, `recommendation_text`, `created_at`, `updated_at`) VALUES (272,503,'moderate',NULL,'Moderate action: formalize the plan, timeline, and accountability to make senior leadership commitment to disability inclusion visible through regular actions and communications.','2026-06-04 00:43:19','2026-06-10 10:54:39');
INSERT INTO `question_choice_recommendations` (`id`, `choice_id`, `severity`, `gap_definition`, `recommendation_text`, `created_at`, `updated_at`) VALUES (273,504,'low',NULL,'Optional improvement: strengthen documentation and monitoring to make senior leadership commitment to disability inclusion visible through regular actions and communications.','2026-06-04 00:43:19','2026-06-10 10:54:39');
INSERT INTO `question_choice_recommendations` (`id`, `choice_id`, `severity`, `gap_definition`, `recommendation_text`, `created_at`, `updated_at`) VALUES (274,509,'critical',NULL,'Critical action: start immediately and assign an owner to create or strengthen a disability-specific inclusion policy with named accountability.','2026-06-04 00:43:19','2026-06-10 10:54:39');
INSERT INTO `question_choice_recommendations` (`id`, `choice_id`, `severity`, `gap_definition`, `recommendation_text`, `created_at`, `updated_at`) VALUES (275,510,'moderate',NULL,'Moderate action: formalize the plan, timeline, and accountability to create or strengthen a disability-specific inclusion policy with named accountability.','2026-06-04 00:43:19','2026-06-10 10:54:39');
INSERT INTO `question_choice_recommendations` (`id`, `choice_id`, `severity`, `gap_definition`, `recommendation_text`, `created_at`, `updated_at`) VALUES (276,511,'low',NULL,'Optional improvement: strengthen documentation and monitoring to create or strengthen a disability-specific inclusion policy with named accountability.','2026-06-04 00:43:19','2026-06-10 10:54:39');
INSERT INTO `question_choice_recommendations` (`id`, `choice_id`, `severity`, `gap_definition`, `recommendation_text`, `created_at`, `updated_at`) VALUES (277,516,'critical',NULL,'Critical action: start immediately and assign an owner to publish an inclusive language guide and train managers to address non-inclusive language.','2026-06-04 00:43:19','2026-06-10 10:54:39');
INSERT INTO `question_choice_recommendations` (`id`, `choice_id`, `severity`, `gap_definition`, `recommendation_text`, `created_at`, `updated_at`) VALUES (278,517,'moderate',NULL,'Moderate action: formalize the plan, timeline, and accountability to publish an inclusive language guide and train managers to address non-inclusive language.','2026-06-04 00:43:19','2026-06-10 10:54:39');
INSERT INTO `question_choice_recommendations` (`id`, `choice_id`, `severity`, `gap_definition`, `recommendation_text`, `created_at`, `updated_at`) VALUES (279,518,'low',NULL,'Optional improvement: strengthen documentation and monitoring to publish an inclusive language guide and train managers to address non-inclusive language.','2026-06-04 00:43:19','2026-06-10 10:54:39');
INSERT INTO `question_choice_recommendations` (`id`, `choice_id`, `severity`, `gap_definition`, `recommendation_text`, `created_at`, `updated_at`) VALUES (280,523,'critical',NULL,'Critical action: start immediately and assign an owner to roll out recurring disability awareness training and track completion.','2026-06-04 00:43:19','2026-06-10 10:54:39');
INSERT INTO `question_choice_recommendations` (`id`, `choice_id`, `severity`, `gap_definition`, `recommendation_text`, `created_at`, `updated_at`) VALUES (281,524,'moderate',NULL,'Moderate action: formalize the plan, timeline, and accountability to roll out recurring disability awareness training and track completion.','2026-06-04 00:43:19','2026-06-10 10:54:39');
INSERT INTO `question_choice_recommendations` (`id`, `choice_id`, `severity`, `gap_definition`, `recommendation_text`, `created_at`, `updated_at`) VALUES (282,525,'low',NULL,'Optional improvement: strengthen documentation and monitoring to roll out recurring disability awareness training and track completion.','2026-06-04 00:43:19','2026-06-10 10:54:39');
INSERT INTO `question_choice_recommendations` (`id`, `choice_id`, `severity`, `gap_definition`, `recommendation_text`, `created_at`, `updated_at`) VALUES (283,530,'critical',NULL,'Critical action: start immediately and assign an owner to establish or strengthen a PWD employee resource group with sponsorship, budget, and programming.','2026-06-04 00:43:19','2026-06-10 10:54:39');
INSERT INTO `question_choice_recommendations` (`id`, `choice_id`, `severity`, `gap_definition`, `recommendation_text`, `created_at`, `updated_at`) VALUES (284,531,'moderate',NULL,'Moderate action: formalize the plan, timeline, and accountability to establish or strengthen a PWD employee resource group with sponsorship, budget, and programming.','2026-06-04 00:43:19','2026-06-10 10:54:39');
INSERT INTO `question_choice_recommendations` (`id`, `choice_id`, `severity`, `gap_definition`, `recommendation_text`, `created_at`, `updated_at`) VALUES (285,532,'low',NULL,'Optional improvement: strengthen documentation and monitoring to establish or strengthen a PWD employee resource group with sponsorship, budget, and programming.','2026-06-04 00:43:19','2026-06-10 10:54:39');
INSERT INTO `question_choice_recommendations` (`id`, `choice_id`, `severity`, `gap_definition`, `recommendation_text`, `created_at`, `updated_at`) VALUES (286,537,'critical',NULL,'Critical action: start immediately and assign an owner to plan and resource disability awareness programming with measurable outcomes.','2026-06-04 00:43:19','2026-06-10 10:54:39');
INSERT INTO `question_choice_recommendations` (`id`, `choice_id`, `severity`, `gap_definition`, `recommendation_text`, `created_at`, `updated_at`) VALUES (287,538,'moderate',NULL,'Moderate action: formalize the plan, timeline, and accountability to plan and resource disability awareness programming with measurable outcomes.','2026-06-04 00:43:19','2026-06-10 10:54:39');
INSERT INTO `question_choice_recommendations` (`id`, `choice_id`, `severity`, `gap_definition`, `recommendation_text`, `created_at`, `updated_at`) VALUES (288,539,'low',NULL,'Optional improvement: strengthen documentation and monitoring to plan and resource disability awareness programming with measurable outcomes.','2026-06-04 00:43:19','2026-06-10 10:54:39');
INSERT INTO `question_choice_recommendations` (`id`, `choice_id`, `severity`, `gap_definition`, `recommendation_text`, `created_at`, `updated_at`) VALUES (289,544,'critical',NULL,'Critical action: start immediately and assign an owner to collect PWD-specific culture feedback and convert findings into tracked action plans.','2026-06-04 00:43:19','2026-06-10 10:54:39');
INSERT INTO `question_choice_recommendations` (`id`, `choice_id`, `severity`, `gap_definition`, `recommendation_text`, `created_at`, `updated_at`) VALUES (290,545,'moderate',NULL,'Moderate action: formalize the plan, timeline, and accountability to collect PWD-specific culture feedback and convert findings into tracked action plans.','2026-06-04 00:43:19','2026-06-10 10:54:39');
INSERT INTO `question_choice_recommendations` (`id`, `choice_id`, `severity`, `gap_definition`, `recommendation_text`, `created_at`, `updated_at`) VALUES (291,546,'low',NULL,'Optional improvement: strengthen documentation and monitoring to collect PWD-specific culture feedback and convert findings into tracked action plans.','2026-06-04 00:43:19','2026-06-10 10:54:39');
INSERT INTO `question_choice_recommendations` (`id`, `choice_id`, `severity`, `gap_definition`, `recommendation_text`, `created_at`, `updated_at`) VALUES (292,551,'critical',NULL,'Critical action: start immediately and assign an owner to extend disability inclusion standards into supplier and partner selection or engagement practices.','2026-06-04 00:43:19','2026-06-10 10:54:39');
INSERT INTO `question_choice_recommendations` (`id`, `choice_id`, `severity`, `gap_definition`, `recommendation_text`, `created_at`, `updated_at`) VALUES (293,552,'moderate',NULL,'Moderate action: formalize the plan, timeline, and accountability to extend disability inclusion standards into supplier and partner selection or engagement practices.','2026-06-04 00:43:19','2026-06-10 10:54:39');
INSERT INTO `question_choice_recommendations` (`id`, `choice_id`, `severity`, `gap_definition`, `recommendation_text`, `created_at`, `updated_at`) VALUES (294,553,'low',NULL,'Optional improvement: strengthen documentation and monitoring to extend disability inclusion standards into supplier and partner selection or engagement practices.','2026-06-04 00:43:19','2026-06-10 10:54:39');
INSERT INTO `question_choice_recommendations` (`id`, `choice_id`, `severity`, `gap_definition`, `recommendation_text`, `created_at`, `updated_at`) VALUES (295,558,'critical',NULL,'Critical action: start immediately and assign an owner to recognize PWD employee contributions with consent and include disability inclusion in recognition programs.','2026-06-04 00:43:19','2026-06-10 10:54:39');
INSERT INTO `question_choice_recommendations` (`id`, `choice_id`, `severity`, `gap_definition`, `recommendation_text`, `created_at`, `updated_at`) VALUES (296,559,'moderate',NULL,'Moderate action: formalize the plan, timeline, and accountability to recognize PWD employee contributions with consent and include disability inclusion in recognition programs.','2026-06-04 00:43:19','2026-06-10 10:54:39');
INSERT INTO `question_choice_recommendations` (`id`, `choice_id`, `severity`, `gap_definition`, `recommendation_text`, `created_at`, `updated_at`) VALUES (297,560,'low',NULL,'Optional improvement: strengthen documentation and monitoring to recognize PWD employee contributions with consent and include disability inclusion in recognition programs.','2026-06-04 00:43:19','2026-06-10 10:54:39');
INSERT INTO `question_choice_recommendations` (`id`, `choice_id`, `severity`, `gap_definition`, `recommendation_text`, `created_at`, `updated_at`) VALUES (298,565,'critical',NULL,'Critical action: start immediately and assign an owner to measure disability inclusion culture using a structured tool and maintain an annual improvement plan.','2026-06-04 00:43:19','2026-06-10 10:54:39');
INSERT INTO `question_choice_recommendations` (`id`, `choice_id`, `severity`, `gap_definition`, `recommendation_text`, `created_at`, `updated_at`) VALUES (299,566,'moderate',NULL,'Moderate action: formalize the plan, timeline, and accountability to measure disability inclusion culture using a structured tool and maintain an annual improvement plan.','2026-06-04 00:43:19','2026-06-10 10:54:39');
INSERT INTO `question_choice_recommendations` (`id`, `choice_id`, `severity`, `gap_definition`, `recommendation_text`, `created_at`, `updated_at`) VALUES (300,567,'low',NULL,'Optional improvement: strengthen documentation and monitoring to measure disability inclusion culture using a structured tool and maintain an annual improvement plan.','2026-06-04 00:43:19','2026-06-10 10:54:39');
INSERT INTO `question_choice_recommendations` (`id`, `choice_id`, `severity`, `gap_definition`, `recommendation_text`, `created_at`, `updated_at`) VALUES (512,2,'low',NULL,'Job postings demonstrate commitment to equal opportunity and provide accommodations upon request, but disability inclusion is communicated reactively rather than proactively. Candidates may not immediately recognize the organization as disability-inclusive.','2026-06-08 10:05:55','2026-06-10 10:54:39');
INSERT INTO `question_choice_recommendations` (`id`, `choice_id`, `severity`, `gap_definition`, `recommendation_text`, `created_at`, `updated_at`) VALUES (513,3,'moderate',NULL,'While equal opportunity language exists, candidates are not informed about accommodation support during recruitment. This may discourage qualified PWD applicants from applying or requesting accommodations.','2026-06-08 10:05:55','2026-06-10 10:54:39');
INSERT INTO `question_choice_recommendations` (`id`, `choice_id`, `severity`, `gap_definition`, `recommendation_text`, `created_at`, `updated_at`) VALUES (514,4,'critical',NULL,'Recruitment materials provide no indication that candidates with disabilities are welcome or supported. This creates a significant barrier to attracting diverse talent and may undermine inclusion objectives.','2026-06-08 10:05:55','2026-06-10 10:54:39');
INSERT INTO `question_choice_recommendations` (`id`, `choice_id`, `severity`, `gap_definition`, `recommendation_text`, `created_at`, `updated_at`) VALUES (515,6,'low',NULL,'The application process is generally accessible but depends on candidates requesting alternative formats. Accessibility validation is not fully integrated into recruitment operations.','2026-06-08 10:05:55','2026-06-10 10:54:39');
INSERT INTO `question_choice_recommendations` (`id`, `choice_id`, `severity`, `gap_definition`, `recommendation_text`, `created_at`, `updated_at`) VALUES (516,7,'moderate',NULL,'Accessibility barriers may exist because the application process has not undergone formal accessibility assessment. Accommodation requests are managed inconsistently.','2026-06-08 10:05:55','2026-06-10 10:54:39');
INSERT INTO `question_choice_recommendations` (`id`, `choice_id`, `severity`, `gap_definition`, `recommendation_text`, `created_at`, `updated_at`) VALUES (517,8,'critical',NULL,'The organization lacks visibility into accessibility barriers within its application process, creating a substantial risk of excluding qualified candidates with disabilities.','2026-06-08 10:05:55','2026-06-10 10:54:39');
INSERT INTO `question_choice_recommendations` (`id`, `choice_id`, `severity`, `gap_definition`, `recommendation_text`, `created_at`, `updated_at`) VALUES (518,10,'low',NULL,'Structured screening controls are in place, but disability-related information remains visible during candidate review, creating potential bias risks.','2026-06-08 10:05:55','2026-06-10 10:54:39');
INSERT INTO `question_choice_recommendations` (`id`, `choice_id`, `severity`, `gap_definition`, `recommendation_text`, `created_at`, `updated_at`) VALUES (519,11,'moderate',NULL,'Bias awareness efforts exist but are not specifically designed to address disability-related exclusion during screening and shortlisting.','2026-06-08 10:05:55','2026-06-10 10:54:39');
INSERT INTO `question_choice_recommendations` (`id`, `choice_id`, `severity`, `gap_definition`, `recommendation_text`, `created_at`, `updated_at`) VALUES (520,12,'critical',NULL,'Screening decisions are vulnerable to conscious and unconscious bias because no structured controls exist to ensure objective candidate evaluation.','2026-06-08 10:05:55','2026-06-10 10:54:39');
INSERT INTO `question_choice_recommendations` (`id`, `choice_id`, `severity`, `gap_definition`, `recommendation_text`, `created_at`, `updated_at`) VALUES (521,14,'low',NULL,'Structured interview practices are in place, but accommodation discussions remain largely candidate-driven and interviewer preparedness varies across hiring teams.','2026-06-08 10:05:55','2026-06-10 10:54:39');
INSERT INTO `question_choice_recommendations` (`id`, `choice_id`, `severity`, `gap_definition`, `recommendation_text`, `created_at`, `updated_at`) VALUES (522,15,'moderate',NULL,'Accommodation support depends on candidates requesting assistance, and interviewer capability regarding disability inclusion is inconsistent. This may create unequal interview experiences.','2026-06-08 10:05:55','2026-06-10 10:54:39');
INSERT INTO `question_choice_recommendations` (`id`, `choice_id`, `severity`, `gap_definition`, `recommendation_text`, `created_at`, `updated_at`) VALUES (523,16,'critical',NULL,'The absence of accommodation procedures and disability-specific interviewer training creates a significant risk of exclusion, bias, and inconsistent candidate experiences.','2026-06-08 10:05:55','2026-06-10 10:54:39');
INSERT INTO `question_choice_recommendations` (`id`, `choice_id`, `severity`, `gap_definition`, `recommendation_text`, `created_at`, `updated_at`) VALUES (524,18,'low',NULL,'Selection criteria receive basic review, but the organization lacks a structured process to validate whether requirements are genuinely essential and accommodation-compatible.','2026-06-08 10:05:55','2026-06-10 10:54:39');
INSERT INTO `question_choice_recommendations` (`id`, `choice_id`, `severity`, `gap_definition`, `recommendation_text`, `created_at`, `updated_at`) VALUES (525,19,'moderate',NULL,'Hiring managers independently establish selection criteria without disability inclusion review, increasing the likelihood of unintended exclusion.','2026-06-08 10:05:55','2026-06-10 10:54:39');
INSERT INTO `question_choice_recommendations` (`id`, `choice_id`, `severity`, `gap_definition`, `recommendation_text`, `created_at`, `updated_at`) VALUES (526,20,'critical',NULL,'Selection criteria have never been assessed for disability-related exclusion, creating a substantial risk of disqualifying qualified candidates unnecessarily.','2026-06-08 10:05:55','2026-06-10 10:54:39');
INSERT INTO `question_choice_recommendations` (`id`, `choice_id`, `severity`, `gap_definition`, `recommendation_text`, `created_at`, `updated_at`) VALUES (527,22,'low',NULL,'Informal targets exist, but progress monitoring is infrequent and accountability mechanisms are not embedded within leadership performance management.','2026-06-08 10:05:55','2026-06-10 10:54:39');
INSERT INTO `question_choice_recommendations` (`id`, `choice_id`, `severity`, `gap_definition`, `recommendation_text`, `created_at`, `updated_at`) VALUES (528,23,'moderate',NULL,'The organization recognizes the value of disability hiring targets but lacks measurable commitments that drive recruitment decisions and accountability.','2026-06-08 10:05:55','2026-06-10 10:54:39');
INSERT INTO `question_choice_recommendations` (`id`, `choice_id`, `severity`, `gap_definition`, `recommendation_text`, `created_at`, `updated_at`) VALUES (529,24,'critical',NULL,'The absence of disability hiring targets limits organizational accountability and makes it difficult to measure progress toward inclusive workforce outcomes.','2026-06-08 10:05:55','2026-06-10 10:54:39');
INSERT INTO `question_choice_recommendations` (`id`, `choice_id`, `severity`, `gap_definition`, `recommendation_text`, `created_at`, `updated_at`) VALUES (530,26,'low',NULL,'Disability-focused sourcing activities exist but remain limited in scale and consistency, reducing access to diverse talent pipelines.','2026-06-08 10:05:55','2026-06-10 10:54:39');
INSERT INTO `question_choice_recommendations` (`id`, `choice_id`, `severity`, `gap_definition`, `recommendation_text`, `created_at`, `updated_at`) VALUES (531,27,'moderate',NULL,'Recruitment efforts rely primarily on traditional channels, limiting visibility among qualified candidates with disabilities.','2026-06-08 10:05:55','2026-06-10 10:54:39');
INSERT INTO `question_choice_recommendations` (`id`, `choice_id`, `severity`, `gap_definition`, `recommendation_text`, `created_at`, `updated_at`) VALUES (532,28,'critical',NULL,'The organization has no deliberate strategy for engaging candidates with disabilities, significantly restricting access to qualified talent.','2026-06-08 10:05:55','2026-06-10 10:54:39');
INSERT INTO `question_choice_recommendations` (`id`, `choice_id`, `severity`, `gap_definition`, `recommendation_text`, `created_at`, `updated_at`) VALUES (533,30,'low',NULL,'Accessible assessment options are available but depend on individual requests rather than being systematically incorporated into assessment design.','2026-06-08 10:05:55','2026-06-10 10:54:39');
INSERT INTO `question_choice_recommendations` (`id`, `choice_id`, `severity`, `gap_definition`, `recommendation_text`, `created_at`, `updated_at`) VALUES (534,31,'moderate',NULL,'Assessment accessibility depends on candidate self-advocacy, creating potential barriers for individuals who may be unaware of available accommodations.','2026-06-08 10:05:55','2026-06-10 10:54:39');
INSERT INTO `question_choice_recommendations` (`id`, `choice_id`, `severity`, `gap_definition`, `recommendation_text`, `created_at`, `updated_at`) VALUES (535,32,'critical',NULL,'Assessment tools have not been evaluated for accessibility, creating a significant risk of excluding qualified candidates with disabilities.','2026-06-08 10:05:55','2026-06-10 10:54:39');
INSERT INTO `question_choice_recommendations` (`id`, `choice_id`, `severity`, `gap_definition`, `recommendation_text`, `created_at`, `updated_at`) VALUES (536,34,'low',NULL,'Accommodation discussions occur when raised by candidates, but the process remains reactive and may delay workplace readiness.','2026-06-08 10:05:55','2026-06-10 10:54:39');
INSERT INTO `question_choice_recommendations` (`id`, `choice_id`, `severity`, `gap_definition`, `recommendation_text`, `created_at`, `updated_at`) VALUES (537,35,'moderate',NULL,'Accommodation planning begins too late in the employment lifecycle, increasing onboarding delays and reducing preparedness.','2026-06-08 10:05:55','2026-06-10 10:54:39');
INSERT INTO `question_choice_recommendations` (`id`, `choice_id`, `severity`, `gap_definition`, `recommendation_text`, `created_at`, `updated_at`) VALUES (538,36,'critical',NULL,'Accommodation needs are not formally discussed during recruitment, increasing the likelihood of unmet support requirements and poor onboarding outcomes.','2026-06-08 10:05:55','2026-06-10 10:54:39');
INSERT INTO `question_choice_recommendations` (`id`, `choice_id`, `severity`, `gap_definition`, `recommendation_text`, `created_at`, `updated_at`) VALUES (539,38,'low',NULL,'Disability hiring data is collected, but analysis is limited to overall hiring outcomes and does not identify barriers across recruitment stages.','2026-06-08 10:05:55','2026-06-10 10:54:39');
INSERT INTO `question_choice_recommendations` (`id`, `choice_id`, `severity`, `gap_definition`, `recommendation_text`, `created_at`, `updated_at`) VALUES (540,39,'moderate',NULL,'Disability data is collected but not used strategically to identify recruitment barriers, measure effectiveness, or guide improvement efforts.','2026-06-08 10:05:55','2026-06-10 10:54:39');
INSERT INTO `question_choice_recommendations` (`id`, `choice_id`, `severity`, `gap_definition`, `recommendation_text`, `created_at`, `updated_at`) VALUES (541,40,'critical',NULL,'The organization lacks visibility into disability hiring performance, preventing meaningful measurement, accountability, and improvement.','2026-06-08 10:05:55','2026-06-10 10:54:39');
INSERT INTO `question_choice_recommendations` (`id`, `choice_id`, `severity`, `gap_definition`, `recommendation_text`, `created_at`, `updated_at`) VALUES (542,208,'critical',NULL,'Critical action: start immediately and assign an owner to update all job postings to explicitly welcome candidates with disabilities and list available accommodations.','2026-06-08 10:05:55','2026-06-10 10:54:39');
INSERT INTO `question_choice_recommendations` (`id`, `choice_id`, `severity`, `gap_definition`, `recommendation_text`, `created_at`, `updated_at`) VALUES (543,209,'moderate',NULL,'Moderate action: formalize the plan, timeline, and accountability to update all job postings to explicitly welcome candidates with disabilities and list available accommodations.','2026-06-08 10:05:55','2026-06-10 10:54:39');
INSERT INTO `question_choice_recommendations` (`id`, `choice_id`, `severity`, `gap_definition`, `recommendation_text`, `created_at`, `updated_at`) VALUES (544,210,'low',NULL,'Optional improvement: strengthen documentation and monitoring to update all job postings to explicitly welcome candidates with disabilities and list available accommodations.','2026-06-08 10:05:55','2026-06-10 10:54:39');
INSERT INTO `question_choice_recommendations` (`id`, `choice_id`, `severity`, `gap_definition`, `recommendation_text`, `created_at`, `updated_at`) VALUES (545,222,'critical',NULL,'Critical action: start immediately and assign an owner to complete an accessibility review of the online application process and provide alternative application formats.','2026-06-08 10:05:55','2026-06-10 10:54:39');
INSERT INTO `question_choice_recommendations` (`id`, `choice_id`, `severity`, `gap_definition`, `recommendation_text`, `created_at`, `updated_at`) VALUES (546,223,'moderate',NULL,'Moderate action: formalize the plan, timeline, and accountability to complete an accessibility review of the online application process and provide alternative application formats.','2026-06-08 10:05:55','2026-06-10 10:54:39');
INSERT INTO `question_choice_recommendations` (`id`, `choice_id`, `severity`, `gap_definition`, `recommendation_text`, `created_at`, `updated_at`) VALUES (547,224,'low',NULL,'Optional improvement: strengthen documentation and monitoring to complete an accessibility review of the online application process and provide alternative application formats.','2026-06-08 10:05:55','2026-06-10 10:54:39');
INSERT INTO `question_choice_recommendations` (`id`, `choice_id`, `severity`, `gap_definition`, `recommendation_text`, `created_at`, `updated_at`) VALUES (548,229,'critical',NULL,'Critical action: start immediately and assign an owner to standardize disability-aware candidate screening with structured rubrics and bias controls.','2026-06-08 10:05:55','2026-06-10 10:54:39');
INSERT INTO `question_choice_recommendations` (`id`, `choice_id`, `severity`, `gap_definition`, `recommendation_text`, `created_at`, `updated_at`) VALUES (549,230,'moderate',NULL,'Moderate action: formalize the plan, timeline, and accountability to standardize disability-aware candidate screening with structured rubrics and bias controls.','2026-06-08 10:05:55','2026-06-10 10:54:39');
INSERT INTO `question_choice_recommendations` (`id`, `choice_id`, `severity`, `gap_definition`, `recommendation_text`, `created_at`, `updated_at`) VALUES (550,231,'low',NULL,'Optional improvement: strengthen documentation and monitoring to standardize disability-aware candidate screening with structured rubrics and bias controls.','2026-06-08 10:05:55','2026-06-10 10:54:39');
INSERT INTO `question_choice_recommendations` (`id`, `choice_id`, `severity`, `gap_definition`, `recommendation_text`, `created_at`, `updated_at`) VALUES (551,236,'critical',NULL,'Critical action: start immediately and assign an owner to make interview accommodations proactive, documented, and consistent across hiring teams.','2026-06-08 10:05:55','2026-06-10 10:54:39');
INSERT INTO `question_choice_recommendations` (`id`, `choice_id`, `severity`, `gap_definition`, `recommendation_text`, `created_at`, `updated_at`) VALUES (552,237,'moderate',NULL,'Moderate action: formalize the plan, timeline, and accountability to make interview accommodations proactive, documented, and consistent across hiring teams.','2026-06-08 10:05:55','2026-06-10 10:54:39');
INSERT INTO `question_choice_recommendations` (`id`, `choice_id`, `severity`, `gap_definition`, `recommendation_text`, `created_at`, `updated_at`) VALUES (553,238,'low',NULL,'Optional improvement: strengthen documentation and monitoring to make interview accommodations proactive, documented, and consistent across hiring teams.','2026-06-08 10:05:55','2026-06-10 10:54:39');
INSERT INTO `question_choice_recommendations` (`id`, `choice_id`, `severity`, `gap_definition`, `recommendation_text`, `created_at`, `updated_at`) VALUES (554,243,'critical',NULL,'Critical action: start immediately and assign an owner to review selection criteria so only essential job requirements are used in hiring decisions.','2026-06-08 10:05:55','2026-06-10 10:54:39');
INSERT INTO `question_choice_recommendations` (`id`, `choice_id`, `severity`, `gap_definition`, `recommendation_text`, `created_at`, `updated_at`) VALUES (555,244,'moderate',NULL,'Moderate action: formalize the plan, timeline, and accountability to review selection criteria so only essential job requirements are used in hiring decisions.','2026-06-08 10:05:55','2026-06-10 10:54:39');
INSERT INTO `question_choice_recommendations` (`id`, `choice_id`, `severity`, `gap_definition`, `recommendation_text`, `created_at`, `updated_at`) VALUES (556,245,'low',NULL,'Optional improvement: strengthen documentation and monitoring to review selection criteria so only essential job requirements are used in hiring decisions.','2026-06-08 10:05:55','2026-06-10 10:54:39');
INSERT INTO `question_choice_recommendations` (`id`, `choice_id`, `severity`, `gap_definition`, `recommendation_text`, `created_at`, `updated_at`) VALUES (557,250,'critical',NULL,'Critical action: start immediately and assign an owner to set measurable PWD hiring targets and review progress with leadership on a regular schedule.','2026-06-08 10:05:55','2026-06-10 10:54:39');
INSERT INTO `question_choice_recommendations` (`id`, `choice_id`, `severity`, `gap_definition`, `recommendation_text`, `created_at`, `updated_at`) VALUES (558,251,'moderate',NULL,'Moderate action: formalize the plan, timeline, and accountability to set measurable PWD hiring targets and review progress with leadership on a regular schedule.','2026-06-08 10:05:55','2026-06-10 10:54:39');
INSERT INTO `question_choice_recommendations` (`id`, `choice_id`, `severity`, `gap_definition`, `recommendation_text`, `created_at`, `updated_at`) VALUES (559,252,'low',NULL,'Optional improvement: strengthen documentation and monitoring to set measurable PWD hiring targets and review progress with leadership on a regular schedule.','2026-06-08 10:05:55','2026-06-10 10:54:39');
INSERT INTO `question_choice_recommendations` (`id`, `choice_id`, `severity`, `gap_definition`, `recommendation_text`, `created_at`, `updated_at`) VALUES (560,257,'critical',NULL,'Critical action: start immediately and assign an owner to build active sourcing partnerships with disability-focused organizations, job boards, and communities.','2026-06-08 10:05:55','2026-06-10 10:54:39');
INSERT INTO `question_choice_recommendations` (`id`, `choice_id`, `severity`, `gap_definition`, `recommendation_text`, `created_at`, `updated_at`) VALUES (561,258,'moderate',NULL,'Moderate action: formalize the plan, timeline, and accountability to build active sourcing partnerships with disability-focused organizations, job boards, and communities.','2026-06-08 10:05:55','2026-06-10 10:54:39');
INSERT INTO `question_choice_recommendations` (`id`, `choice_id`, `severity`, `gap_definition`, `recommendation_text`, `created_at`, `updated_at`) VALUES (562,259,'low',NULL,'Optional improvement: strengthen documentation and monitoring to build active sourcing partnerships with disability-focused organizations, job boards, and communities.','2026-06-08 10:05:55','2026-06-10 10:54:39');
INSERT INTO `question_choice_recommendations` (`id`, `choice_id`, `severity`, `gap_definition`, `recommendation_text`, `created_at`, `updated_at`) VALUES (563,264,'critical',NULL,'Critical action: start immediately and assign an owner to review pre-employment tests and tasks for accessibility before candidates are asked to complete them.','2026-06-08 10:05:55','2026-06-10 10:54:39');
INSERT INTO `question_choice_recommendations` (`id`, `choice_id`, `severity`, `gap_definition`, `recommendation_text`, `created_at`, `updated_at`) VALUES (564,265,'moderate',NULL,'Moderate action: formalize the plan, timeline, and accountability to review pre-employment tests and tasks for accessibility before candidates are asked to complete them.','2026-06-08 10:05:55','2026-06-10 10:54:39');
INSERT INTO `question_choice_recommendations` (`id`, `choice_id`, `severity`, `gap_definition`, `recommendation_text`, `created_at`, `updated_at`) VALUES (565,266,'low',NULL,'Optional improvement: strengthen documentation and monitoring to review pre-employment tests and tasks for accessibility before candidates are asked to complete them.','2026-06-08 10:05:55','2026-06-10 10:54:39');
INSERT INTO `question_choice_recommendations` (`id`, `choice_id`, `severity`, `gap_definition`, `recommendation_text`, `created_at`, `updated_at`) VALUES (566,271,'critical',NULL,'Critical action: start immediately and assign an owner to include accommodation needs, flexible start options, and agreed support in the offer-stage process.','2026-06-08 10:05:55','2026-06-10 10:54:39');
INSERT INTO `question_choice_recommendations` (`id`, `choice_id`, `severity`, `gap_definition`, `recommendation_text`, `created_at`, `updated_at`) VALUES (567,272,'moderate',NULL,'Moderate action: formalize the plan, timeline, and accountability to include accommodation needs, flexible start options, and agreed support in the offer-stage process.','2026-06-08 10:05:55','2026-06-10 10:54:39');
INSERT INTO `question_choice_recommendations` (`id`, `choice_id`, `severity`, `gap_definition`, `recommendation_text`, `created_at`, `updated_at`) VALUES (568,273,'low',NULL,'Optional improvement: strengthen documentation and monitoring to include accommodation needs, flexible start options, and agreed support in the offer-stage process.','2026-06-08 10:05:55','2026-06-10 10:54:39');
INSERT INTO `question_choice_recommendations` (`id`, `choice_id`, `severity`, `gap_definition`, `recommendation_text`, `created_at`, `updated_at`) VALUES (569,278,'critical',NULL,'Critical action: start immediately and assign an owner to collect and analyze disability-related hiring data across the recruitment pipeline.','2026-06-08 10:05:55','2026-06-10 10:54:39');
INSERT INTO `question_choice_recommendations` (`id`, `choice_id`, `severity`, `gap_definition`, `recommendation_text`, `created_at`, `updated_at`) VALUES (570,279,'moderate',NULL,'Moderate action: formalize the plan, timeline, and accountability to collect and analyze disability-related hiring data across the recruitment pipeline.','2026-06-08 10:05:55','2026-06-10 10:54:39');
INSERT INTO `question_choice_recommendations` (`id`, `choice_id`, `severity`, `gap_definition`, `recommendation_text`, `created_at`, `updated_at`) VALUES (571,280,'low',NULL,'Optional improvement: strengthen documentation and monitoring to collect and analyze disability-related hiring data across the recruitment pipeline.','2026-06-08 10:05:55','2026-06-10 10:54:39');
INSERT INTO `question_choice_recommendations` (`id`, `choice_id`, `severity`, `gap_definition`, `recommendation_text`, `created_at`, `updated_at`) VALUES (602,42,'low',NULL,'Accommodation needs are considered before Day 1, but the absence of a standardized checklist increases the risk of inconsistent onboarding experiences and missed accessibility requirements.','2026-06-09 12:18:17','2026-06-10 10:54:39');
INSERT INTO `question_choice_recommendations` (`id`, `choice_id`, `severity`, `gap_definition`, `recommendation_text`, `created_at`, `updated_at`) VALUES (603,43,'moderate',NULL,'Preparation depends on individual circumstances and stakeholder initiative, creating inconsistent onboarding quality and increased risk of unmet accessibility needs.','2026-06-09 12:18:17','2026-06-10 10:54:39');
INSERT INTO `question_choice_recommendations` (`id`, `choice_id`, `severity`, `gap_definition`, `recommendation_text`, `created_at`, `updated_at`) VALUES (604,44,'critical',NULL,'No disability-specific preparation occurs before a new employee\'s arrival, increasing the likelihood of onboarding delays, accommodation gaps, and negative employee experiences.','2026-06-09 12:18:17','2026-06-10 10:54:39');
INSERT INTO `question_choice_recommendations` (`id`, `choice_id`, `severity`, `gap_definition`, `recommendation_text`, `created_at`, `updated_at`) VALUES (605,46,'low',NULL,'Most onboarding materials are accessible, but accessibility validation is not consistently performed and alternative formats remain reactive rather than proactive.','2026-06-09 12:18:17','2026-06-10 10:54:39');
INSERT INTO `question_choice_recommendations` (`id`, `choice_id`, `severity`, `gap_definition`, `recommendation_text`, `created_at`, `updated_at`) VALUES (606,47,'moderate',NULL,'Accessibility barriers may exist because onboarding materials have not undergone formal accessibility assessment or testing.','2026-06-09 12:18:17','2026-06-10 10:54:39');
INSERT INTO `question_choice_recommendations` (`id`, `choice_id`, `severity`, `gap_definition`, `recommendation_text`, `created_at`, `updated_at`) VALUES (607,48,'critical',NULL,'Orientation materials may create significant barriers for employees with disabilities because accessibility has not been evaluated or incorporated into content design.','2026-06-09 12:18:17','2026-06-10 10:54:39');
INSERT INTO `question_choice_recommendations` (`id`, `choice_id`, `severity`, `gap_definition`, `recommendation_text`, `created_at`, `updated_at`) VALUES (608,50,'low',NULL,'Buddy support exists but lacks consistent training and structured engagement, reducing its effectiveness in supporting inclusion and adjustment.','2026-06-09 12:18:17','2026-06-10 10:54:39');
INSERT INTO `question_choice_recommendations` (`id`, `choice_id`, `severity`, `gap_definition`, `recommendation_text`, `created_at`, `updated_at`) VALUES (609,51,'moderate',NULL,'General onboarding support is available, but buddies lack preparation to effectively support disability-related onboarding needs.','2026-06-09 12:18:17','2026-06-10 10:54:39');
INSERT INTO `question_choice_recommendations` (`id`, `choice_id`, `severity`, `gap_definition`, `recommendation_text`, `created_at`, `updated_at`) VALUES (610,52,'critical',NULL,'New hires lack a structured support mechanism during onboarding, increasing isolation risks and reducing opportunities for successful integration.','2026-06-09 12:18:17','2026-06-10 10:54:39');
INSERT INTO `question_choice_recommendations` (`id`, `choice_id`, `severity`, `gap_definition`, `recommendation_text`, `created_at`, `updated_at`) VALUES (611,54,'low',NULL,'Accommodation requests are generally addressed, but the absence of a dedicated coordinator may result in inconsistent response times and accountability.','2026-06-09 12:18:17','2026-06-10 10:54:39');
INSERT INTO `question_choice_recommendations` (`id`, `choice_id`, `severity`, `gap_definition`, `recommendation_text`, `created_at`, `updated_at`) VALUES (612,55,'moderate',NULL,'Accommodation support varies across managers and departments, creating inconsistent employee experiences and delayed resolutions.','2026-06-09 12:18:17','2026-06-10 10:54:39');
INSERT INTO `question_choice_recommendations` (`id`, `choice_id`, `severity`, `gap_definition`, `recommendation_text`, `created_at`, `updated_at`) VALUES (613,56,'critical',NULL,'Accommodation needs are not systematically tracked or managed, increasing the likelihood of unresolved barriers during onboarding.','2026-06-09 12:18:17','2026-06-10 10:54:39');
INSERT INTO `question_choice_recommendations` (`id`, `choice_id`, `severity`, `gap_definition`, `recommendation_text`, `created_at`, `updated_at`) VALUES (614,58,'low',NULL,'Managers receive disability awareness training, but learning may not be applied when onboarding a specific employee with a disability.','2026-06-09 12:18:17','2026-06-10 10:54:39');
INSERT INTO `question_choice_recommendations` (`id`, `choice_id`, `severity`, `gap_definition`, `recommendation_text`, `created_at`, `updated_at`) VALUES (615,59,'moderate',NULL,'Manager readiness varies significantly because training participation is voluntary and inconsistent.','2026-06-09 12:18:17','2026-06-10 10:54:39');
INSERT INTO `question_choice_recommendations` (`id`, `choice_id`, `severity`, `gap_definition`, `recommendation_text`, `created_at`, `updated_at`) VALUES (616,60,'critical',NULL,'Managers lack the knowledge and skills needed to effectively support employees with disabilities during onboarding.','2026-06-09 12:18:17','2026-06-10 10:54:39');
INSERT INTO `question_choice_recommendations` (`id`, `choice_id`, `severity`, `gap_definition`, `recommendation_text`, `created_at`, `updated_at`) VALUES (617,62,'low',NULL,'Structured onboarding plans are used, but adjustments for disability-related needs are only made when raised, creating potential inconsistencies in support.','2026-06-09 12:18:17','2026-06-10 10:54:39');
INSERT INTO `question_choice_recommendations` (`id`, `choice_id`, `severity`, `gap_definition`, `recommendation_text`, `created_at`, `updated_at`) VALUES (618,63,'moderate',NULL,'Role expectations are communicated inconsistently, increasing the risk of confusion, misalignment, and delayed performance integration.','2026-06-09 12:18:17','2026-06-10 10:54:39');
INSERT INTO `question_choice_recommendations` (`id`, `choice_id`, `severity`, `gap_definition`, `recommendation_text`, `created_at`, `updated_at`) VALUES (619,64,'critical',NULL,'New hires are expected to learn expectations informally, creating significant risks of misunderstanding, inconsistent performance, and disengagement.','2026-06-09 12:18:17','2026-06-10 10:54:39');
INSERT INTO `question_choice_recommendations` (`id`, `choice_id`, `severity`, `gap_definition`, `recommendation_text`, `created_at`, `updated_at`) VALUES (620,66,'low',NULL,'Physical orientation addresses general accessibility needs but lacks a consistently personalized approach for employees with disabilities.','2026-06-09 12:18:17','2026-06-10 10:54:39');
INSERT INTO `question_choice_recommendations` (`id`, `choice_id`, `severity`, `gap_definition`, `recommendation_text`, `created_at`, `updated_at`) VALUES (621,67,'moderate',NULL,'Standard workplace tours may overlook disability-specific accessibility needs, potentially limiting employee confidence and independence.','2026-06-09 12:18:17','2026-06-10 10:54:39');
INSERT INTO `question_choice_recommendations` (`id`, `choice_id`, `severity`, `gap_definition`, `recommendation_text`, `created_at`, `updated_at`) VALUES (622,68,'critical',NULL,'Employees may be unaware of workplace accessibility features, emergency procedures, and available support resources due to the absence of formal orientation.','2026-06-09 12:18:17','2026-06-10 10:54:39');
INSERT INTO `question_choice_recommendations` (`id`, `choice_id`, `severity`, `gap_definition`, `recommendation_text`, `created_at`, `updated_at`) VALUES (623,70,'low',NULL,'Core systems are available on Day 1, but accessibility settings depend on employee requests rather than proactive preparation.','2026-06-09 12:18:17','2026-06-10 10:54:39');
INSERT INTO `question_choice_recommendations` (`id`, `choice_id`, `severity`, `gap_definition`, `recommendation_text`, `created_at`, `updated_at`) VALUES (624,71,'moderate',NULL,'Employees are expected to independently configure accessibility settings, creating unnecessary barriers and delays in productivity.','2026-06-09 12:18:17','2026-06-10 10:54:39');
INSERT INTO `question_choice_recommendations` (`id`, `choice_id`, `severity`, `gap_definition`, `recommendation_text`, `created_at`, `updated_at`) VALUES (625,72,'critical',NULL,'Delayed IT setup and lack of accessibility reviews create significant barriers to productivity and inclusion during onboarding.','2026-06-09 12:18:17','2026-06-10 10:54:39');
INSERT INTO `question_choice_recommendations` (`id`, `choice_id`, `severity`, `gap_definition`, `recommendation_text`, `created_at`, `updated_at`) VALUES (626,74,'low',NULL,'Team introductions generally support respectful interactions, but inclusion practices depend heavily on individual manager discretion.','2026-06-09 12:18:17','2026-06-10 10:54:39');
INSERT INTO `question_choice_recommendations` (`id`, `choice_id`, `severity`, `gap_definition`, `recommendation_text`, `created_at`, `updated_at`) VALUES (627,75,'moderate',NULL,'The absence of a structured approach may result in inconsistent experiences and missed opportunities to foster inclusion from the start.','2026-06-09 12:18:17','2026-06-10 10:54:39');
INSERT INTO `question_choice_recommendations` (`id`, `choice_id`, `severity`, `gap_definition`, `recommendation_text`, `created_at`, `updated_at`) VALUES (628,76,'critical',NULL,'The organization lacks intentional practices for fostering inclusion during team integration, increasing the risk of isolation and misunderstanding.','2026-06-09 12:18:17','2026-06-10 10:54:39');
INSERT INTO `question_choice_recommendations` (`id`, `choice_id`, `severity`, `gap_definition`, `recommendation_text`, `created_at`, `updated_at`) VALUES (629,78,'low',NULL,'Initial onboarding feedback is collected, but limited follow-up reduces visibility into longer-term onboarding challenges and adjustment needs.','2026-06-09 12:18:17','2026-06-10 10:54:39');
INSERT INTO `question_choice_recommendations` (`id`, `choice_id`, `severity`, `gap_definition`, `recommendation_text`, `created_at`, `updated_at`) VALUES (630,79,'moderate',NULL,'Feedback collection is informal and inconsistent, making it difficult to identify onboarding barriers and improvement opportunities.','2026-06-09 12:18:17','2026-06-10 10:54:39');
INSERT INTO `question_choice_recommendations` (`id`, `choice_id`, `severity`, `gap_definition`, `recommendation_text`, `created_at`, `updated_at`) VALUES (631,80,'critical',NULL,'The organization lacks visibility into onboarding challenges until issues escalate, increasing the risk of disengagement and early turnover.','2026-06-09 12:18:17','2026-06-10 10:54:39');
INSERT INTO `question_choice_recommendations` (`id`, `choice_id`, `severity`, `gap_definition`, `recommendation_text`, `created_at`, `updated_at`) VALUES (632,82,'low',NULL,'A formal accommodation policy exists, but limited visibility and infrequent review reduce its effectiveness and employee awareness.','2026-06-09 12:25:39','2026-06-10 10:54:39');
INSERT INTO `question_choice_recommendations` (`id`, `choice_id`, `severity`, `gap_definition`, `recommendation_text`, `created_at`, `updated_at`) VALUES (633,83,'moderate',NULL,'Accommodation practices may be applied inconsistently because expectations, responsibilities, and employee rights are not formally documented.','2026-06-09 12:25:39','2026-06-10 10:54:39');
INSERT INTO `question_choice_recommendations` (`id`, `choice_id`, `severity`, `gap_definition`, `recommendation_text`, `created_at`, `updated_at`) VALUES (634,84,'critical',NULL,'The absence of an accommodation policy creates significant risks of inconsistent decision-making, employee dissatisfaction, and legal non-compliance.','2026-06-09 12:25:39','2026-06-10 10:54:39');
INSERT INTO `question_choice_recommendations` (`id`, `choice_id`, `severity`, `gap_definition`, `recommendation_text`, `created_at`, `updated_at`) VALUES (635,86,'low',NULL,'The accommodation process is documented, but low employee awareness may discourage timely accommodation requests.','2026-06-09 12:25:39','2026-06-10 10:54:39');
INSERT INTO `question_choice_recommendations` (`id`, `choice_id`, `severity`, `gap_definition`, `recommendation_text`, `created_at`, `updated_at`) VALUES (636,87,'moderate',NULL,'Employees may experience uncertainty and delays because accommodation requests follow inconsistent procedures across teams.','2026-06-09 12:25:39','2026-06-10 10:54:39');
INSERT INTO `question_choice_recommendations` (`id`, `choice_id`, `severity`, `gap_definition`, `recommendation_text`, `created_at`, `updated_at`) VALUES (637,88,'critical',NULL,'Employees must independently navigate accommodation needs without formal support, creating barriers to workplace inclusion and accessibility.','2026-06-09 12:25:39','2026-06-10 10:54:39');
INSERT INTO `question_choice_recommendations` (`id`, `choice_id`, `severity`, `gap_definition`, `recommendation_text`, `created_at`, `updated_at`) VALUES (638,90,'low',NULL,'Accommodation requests are generally resolved within reasonable timeframes, but performance is not measured or monitored.','2026-06-09 12:25:39','2026-06-10 10:54:39');
INSERT INTO `question_choice_recommendations` (`id`, `choice_id`, `severity`, `gap_definition`, `recommendation_text`, `created_at`, `updated_at`) VALUES (639,91,'moderate',NULL,'Significant variation in accommodation response times creates inconsistent employee experiences and may delay workplace effectiveness.','2026-06-09 12:25:39','2026-06-10 10:54:39');
INSERT INTO `question_choice_recommendations` (`id`, `choice_id`, `severity`, `gap_definition`, `recommendation_text`, `created_at`, `updated_at`) VALUES (640,92,'critical',NULL,'Unpredictable accommodation response times may leave employees without necessary support for extended periods.','2026-06-09 12:25:39','2026-06-10 10:54:39');
INSERT INTO `question_choice_recommendations` (`id`, `choice_id`, `severity`, `gap_definition`, `recommendation_text`, `created_at`, `updated_at`) VALUES (641,94,'low',NULL,'Most managers have received accommodation training, but inconsistent participation creates capability gaps across the organization.','2026-06-09 12:25:39','2026-06-10 10:54:39');
INSERT INTO `question_choice_recommendations` (`id`, `choice_id`, `severity`, `gap_definition`, `recommendation_text`, `created_at`, `updated_at`) VALUES (642,95,'moderate',NULL,'Managers may understand disability awareness concepts but lack practical knowledge of accommodation procedures and responsibilities.','2026-06-09 12:25:39','2026-06-10 10:54:39');
INSERT INTO `question_choice_recommendations` (`id`, `choice_id`, `severity`, `gap_definition`, `recommendation_text`, `created_at`, `updated_at`) VALUES (643,96,'critical',NULL,'Managers lack the knowledge required to appropriately receive, evaluate, and implement accommodation requests.','2026-06-09 12:25:39','2026-06-10 10:54:39');
INSERT INTO `question_choice_recommendations` (`id`, `choice_id`, `severity`, `gap_definition`, `recommendation_text`, `created_at`, `updated_at`) VALUES (644,98,'low',NULL,'Most facilities are accessible, but remaining barriers may still affect employee independence and workplace participation.','2026-06-09 12:25:39','2026-06-10 10:54:39');
INSERT INTO `question_choice_recommendations` (`id`, `choice_id`, `severity`, `gap_definition`, `recommendation_text`, `created_at`, `updated_at`) VALUES (645,99,'moderate',NULL,'Significant accessibility barriers remain in parts of the workplace, limiting equal access to facilities and services.','2026-06-09 12:25:39','2026-06-10 10:54:39');
INSERT INTO `question_choice_recommendations` (`id`, `choice_id`, `severity`, `gap_definition`, `recommendation_text`, `created_at`, `updated_at`) VALUES (646,100,'critical',NULL,'Physical accessibility has not been adequately addressed or assessed, creating significant barriers to workplace participation.','2026-06-09 12:25:39','2026-06-10 10:54:39');
INSERT INTO `question_choice_recommendations` (`id`, `choice_id`, `severity`, `gap_definition`, `recommendation_text`, `created_at`, `updated_at`) VALUES (647,102,'low',NULL,'Key digital tools have been reviewed for accessibility, but unresolved issues may continue to create barriers for employees with disabilities.','2026-06-09 12:25:39','2026-06-10 10:54:39');
INSERT INTO `question_choice_recommendations` (`id`, `choice_id`, `severity`, `gap_definition`, `recommendation_text`, `created_at`, `updated_at`) VALUES (648,103,'moderate',NULL,'Accessibility reviews occur inconsistently, creating uncertainty about whether digital systems support employees with diverse accessibility needs.','2026-06-09 12:25:39','2026-06-10 10:54:39');
INSERT INTO `question_choice_recommendations` (`id`, `choice_id`, `severity`, `gap_definition`, `recommendation_text`, `created_at`, `updated_at`) VALUES (649,104,'critical',NULL,'Digital accessibility has not been evaluated, creating a significant risk that employees encounter barriers when using workplace technology.','2026-06-09 12:25:39','2026-06-10 10:54:39');
INSERT INTO `question_choice_recommendations` (`id`, `choice_id`, `severity`, `gap_definition`, `recommendation_text`, `created_at`, `updated_at`) VALUES (650,106,'low',NULL,'Assistive technology is available, but lengthy procurement timelines may delay employee productivity and workplace participation.','2026-06-09 12:25:39','2026-06-10 10:54:39');
INSERT INTO `question_choice_recommendations` (`id`, `choice_id`, `severity`, `gap_definition`, `recommendation_text`, `created_at`, `updated_at`) VALUES (651,107,'moderate',NULL,'Employees may face delays or uncertainty when requesting assistive technology due to unclear procedures and limited organizational readiness.','2026-06-09 12:25:39','2026-06-10 10:54:39');
INSERT INTO `question_choice_recommendations` (`id`, `choice_id`, `severity`, `gap_definition`, `recommendation_text`, `created_at`, `updated_at`) VALUES (652,108,'critical',NULL,'Employees requiring assistive technology may be unable to perform effectively because no formal support mechanism or funding structure exists.','2026-06-09 12:25:39','2026-06-10 10:54:39');
INSERT INTO `question_choice_recommendations` (`id`, `choice_id`, `severity`, `gap_definition`, `recommendation_text`, `created_at`, `updated_at`) VALUES (653,110,'low',NULL,'Flexible work arrangements are available but rely heavily on manager discretion, which may create inconsistent employee experiences.','2026-06-09 12:25:39','2026-06-10 10:54:39');
INSERT INTO `question_choice_recommendations` (`id`, `choice_id`, `severity`, `gap_definition`, `recommendation_text`, `created_at`, `updated_at`) VALUES (654,111,'moderate',NULL,'Flexible work exists in principle but is not consistently recognized as a legitimate accommodation option for employees with disabilities.','2026-06-09 12:25:39','2026-06-10 10:54:39');
INSERT INTO `question_choice_recommendations` (`id`, `choice_id`, `severity`, `gap_definition`, `recommendation_text`, `created_at`, `updated_at`) VALUES (655,112,'critical',NULL,'Employees may be denied effective accommodation options because flexible and remote work are not formally considered.','2026-06-09 12:25:39','2026-06-10 10:54:39');
INSERT INTO `question_choice_recommendations` (`id`, `choice_id`, `severity`, `gap_definition`, `recommendation_text`, `created_at`, `updated_at`) VALUES (656,114,'low',NULL,'Confidentiality is generally maintained, but undocumented practices may lead to inconsistent handling of sensitive employee information.','2026-06-09 12:25:39','2026-06-10 10:54:39');
INSERT INTO `question_choice_recommendations` (`id`, `choice_id`, `severity`, `gap_definition`, `recommendation_text`, `created_at`, `updated_at`) VALUES (657,115,'moderate',NULL,'Privacy protections depend on individual managers and departments, creating risks of inconsistent handling of disability-related information.','2026-06-09 12:25:39','2026-06-10 10:54:39');
INSERT INTO `question_choice_recommendations` (`id`, `choice_id`, `severity`, `gap_definition`, `recommendation_text`, `created_at`, `updated_at`) VALUES (658,116,'critical',NULL,'Employees may be reluctant to disclose disabilities or request accommodations because privacy protections are unclear or absent.','2026-06-09 12:25:39','2026-06-10 10:54:39');
INSERT INTO `question_choice_recommendations` (`id`, `choice_id`, `severity`, `gap_definition`, `recommendation_text`, `created_at`, `updated_at`) VALUES (659,118,'low',NULL,'Accommodation effectiveness is reviewed when issues arise, but opportunities for proactive improvement may be missed.','2026-06-09 12:25:39','2026-06-10 10:54:39');
INSERT INTO `question_choice_recommendations` (`id`, `choice_id`, `severity`, `gap_definition`, `recommendation_text`, `created_at`, `updated_at`) VALUES (660,119,'moderate',NULL,'Accommodations may become ineffective over time because formal review mechanisms are rarely used.','2026-06-09 12:25:39','2026-06-10 10:54:39');
INSERT INTO `question_choice_recommendations` (`id`, `choice_id`, `severity`, `gap_definition`, `recommendation_text`, `created_at`, `updated_at`) VALUES (661,120,'critical',NULL,'The organization has no mechanism to determine whether accommodations remain effective, appropriate, or aligned with employee needs.','2026-06-09 12:25:39','2026-06-10 10:54:39');
/*!40000 ALTER TABLE `question_choice_recommendations` ENABLE KEYS */;
UNLOCK TABLES;

--
-- Dumping data for table `system_settings`
--

LOCK TABLES `system_settings` WRITE;
/*!40000 ALTER TABLE `system_settings` DISABLE KEYS */;
INSERT INTO `system_settings` VALUES ('approval_reviewer','both',NULL,'2026-06-10 05:11:45'),('auto_send_approval_email','on',NULL,'2026-06-10 05:11:45'),('auto_send_rejection_email','',NULL,'2026-06-10 05:11:45'),('email_approval_body','Hello {contact_person},\r\n\r\nYour organization, {company_name}, has been approved for the {system_name}.\r\n\r\nYou may now log in using your registered work email:\r\n{work_email}\r\n\r\nLogin page:\r\n{login_url}\r\n\r\nThank you,\r\n{primary_contact}',NULL,'2026-06-10 05:11:45'),('email_approval_subject','Account Approved - {system_name}',NULL,'2026-06-10 05:11:45'),('email_invitation_body','Hello,\r\n\r\nYou are invited to register in the {system_name}.\r\n\r\nPlease complete your organization registration using this link:\r\n{registration_url}\r\n\r\nThank you,\r\n{primary_contact}',NULL,'2026-06-10 05:11:45'),('email_invitation_subject','Registration Invitation - Inclusion Intelligence',NULL,'2026-06-10 05:11:45'),('email_password_reset_body','Hello {contact_person},\r\n\r\nWe received a request to reset the password associated with your {system_name} account.\r\n\r\nPlease use the link below to create a new password:\r\n{reset_url}\r\n\r\nFor security purposes, this link will expire in 15 minutes.\r\n\r\nIf you did not request a password reset, you may safely ignore this email.\r\n\r\nThank you,\r\n{primary_contact}',NULL,'2026-06-10 05:11:45'),('email_password_reset_subject','Reset Your Password - {system_name}',NULL,'2026-06-10 05:11:45'),('email_rejection_body','Hello {contact_person},\r\n\r\nYour access request for {company_name} was not approved.\r\n\r\nReason:\r\n{rejection_reason}\r\n\r\nFor questions, please contact {support_email}.\r\n\r\nThank you,\r\n{primary_contact}',NULL,'2026-06-10 05:11:45'),('email_rejection_subject','Access Request Update - {system_name}',NULL,'2026-06-10 05:11:45'),('email_verification_body','Hello {contact_person},\r\n\r\nPlease verify your email address to continue your {system_name} registration.\r\n\r\nVerification link:\r\n{verification_url}\r\n\r\nThis link will expire in 24 hours. Once verified, your access request will be sent to the administrator for approval.\r\n\r\nThank you,\r\n{primary_contact}',NULL,'2026-06-10 05:11:45'),('email_verification_subject','Verify Your Email - {system_name}',NULL,'2026-06-10 05:11:45'),('gap_critical_score_max','1',NULL,'2026-06-10 05:11:45'),('gap_low_score_max','3',NULL,'2026-06-10 05:11:45'),('gap_moderate_score_max','2',NULL,'2026-06-10 05:11:45'),('password_min_length','8',NULL,'2026-06-10 05:11:45'),('primary_contact','Virtualahan Admin Team',NULL,'2026-06-10 05:11:45'),('reassessment_lock_days','182',NULL,'2026-06-10 05:11:45'),('report_footer_text','Prepared by Inclusion Intelligence System',NULL,'2026-06-10 05:11:45'),('report_include_generated_date','on',NULL,'2026-06-10 05:11:45'),('report_show_gap_analysis','on',NULL,'2026-06-10 05:11:45'),('report_show_recommendations','on',NULL,'2026-06-10 05:11:45'),('require_rejection_reason','on',NULL,'2026-06-10 05:11:45'),('score_advancing_max','75',NULL,'2026-06-10 05:11:45'),('score_developing_max','50',NULL,'2026-06-10 05:11:45'),('score_emerging_max','25',NULL,'2026-06-10 05:11:45'),('score_leading_max','90',NULL,'2026-06-10 05:11:45'),('session_timeout_minutes','60',NULL,'2026-06-10 05:11:45'),('support_email','iis@virtualahan.com',NULL,'2026-06-10 05:11:45'),('suspend_deactivate_admins','on',NULL,'2026-06-10 05:11:45'),('suspend_hide_reports','on',NULL,'2026-06-10 05:11:45'),('suspend_lock_assessments','on',NULL,'2026-06-10 05:11:45'),('system_name','Inclusion Intelligence System',NULL,'2026-06-10 05:11:45'),('weight_accommodation','20',NULL,'2026-06-10 05:11:45'),('weight_culture','20',NULL,'2026-06-10 05:11:45'),('weight_hiring','20',NULL,'2026-06-10 05:11:45'),('weight_onboarding','20',NULL,'2026-06-10 05:11:45'),('weight_retention','20',NULL,'2026-06-10 05:11:45');
/*!40000 ALTER TABLE `system_settings` ENABLE KEYS */;
UNLOCK TABLES;

--
-- Dumping data for table `user_roles`
--

LOCK TABLES `user_roles` WRITE;
/*!40000 ALTER TABLE `user_roles` DISABLE KEYS */;
INSERT INTO `user_roles` VALUES (220,'super_admin','Super Admin','super_admin',1,1,'2026-06-10 05:00:15','2026-06-10 05:00:15'),(221,'vhan_admin','VHAN Admin','vhan_admin',1,1,'2026-06-10 05:00:15','2026-06-10 05:00:15'),(222,'org_admin','Org Admin','org_admin',1,1,'2026-06-10 05:00:15','2026-06-10 05:00:15');
/*!40000 ALTER TABLE `user_roles` ENABLE KEYS */;
UNLOCK TABLES;
/*!40103 SET TIME_ZONE=@OLD_TIME_ZONE */;

/*!40101 SET SQL_MODE=@OLD_SQL_MODE */;
/*!40014 SET FOREIGN_KEY_CHECKS=@OLD_FOREIGN_KEY_CHECKS */;
/*!40014 SET UNIQUE_CHECKS=@OLD_UNIQUE_CHECKS */;
/*!40101 SET CHARACTER_SET_CLIENT=@OLD_CHARACTER_SET_CLIENT */;
/*!40101 SET CHARACTER_SET_RESULTS=@OLD_CHARACTER_SET_RESULTS */;
/*!40101 SET COLLATION_CONNECTION=@OLD_COLLATION_CONNECTION */;
/*!40111 SET SQL_NOTES=@OLD_SQL_NOTES */;

-- Dump completed on 2026-06-10 15:10:53
